var;SEGMENT;CHANNEL;para;var_group;model_var;model_name_group
DDROP_1;DIY;CALL_COLLECT;0.00323;DOOR_DROP;DTS;dts
DDROP_1;TRADE;CALL_COLLECT;0.00323;DOOR_DROP;DTS;dts
DDROP_1;DIY;CLICK_COLLECT;0.00323;DOOR_DROP;DTS;dts
DDROP_1;TRADE;CLICK_COLLECT;0.00323;DOOR_DROP;DTS;dts
DDROP_1;DIY;CONTACT_CENTRE;0.00323;DOOR_DROP;DTS;dts
DDROP_1;TRADE;CONTACT_CENTRE;0.00323;DOOR_DROP;DTS;dts
DDROP_1;DIY;TRADE_COUNTER;0.00323;DOOR_DROP;DTS;dts
DDROP_1;TRADE;TRADE_COUNTER;0.00323;DOOR_DROP;DTS;dts
DDROP_1;DIY;WEB;0.00323;DOOR_DROP;DTS;dts
DDROP_1;TRADE;WEB;0.00323;DOOR_DROP;DTS;dts
DM_1;DIY;CALL_COLLECT;0.005;DIRECT_MAIL;DTS;dts
DM_1;TRADE;CALL_COLLECT;0.005;DIRECT_MAIL;DTS;dts
DM_1;DIY;CLICK_COLLECT;0.005;DIRECT_MAIL;DTS;dts
DM_1;TRADE;CLICK_COLLECT;0.005;DIRECT_MAIL;DTS;dts
DM_1;DIY;CONTACT_CENTRE;0.005;DIRECT_MAIL;DTS;dts
DM_1;TRADE;CONTACT_CENTRE;0.005;DIRECT_MAIL;DTS;dts
DM_1;DIY;TRADE_COUNTER;0.005;DIRECT_MAIL;DTS;dts
DM_1;TRADE;TRADE_COUNTER;0.005;DIRECT_MAIL;DTS;dts
DM_1;DIY;WEB;0.005;DIRECT_MAIL;DTS;dts
DM_1;TRADE;WEB;0.005;DIRECT_MAIL;DTS;dts
DM_2;DIY;CALL_COLLECT;0.00897;DIRECT_MAIL;DTS;dts
DM_2;TRADE;CALL_COLLECT;0.00897;DIRECT_MAIL;DTS;dts
DM_2;DIY;CLICK_COLLECT;0.00897;DIRECT_MAIL;DTS;dts
DM_2;TRADE;CLICK_COLLECT;0.00897;DIRECT_MAIL;DTS;dts
DM_2;DIY;CONTACT_CENTRE;0.00897;DIRECT_MAIL;DTS;dts
DM_2;TRADE;CONTACT_CENTRE;0.00897;DIRECT_MAIL;DTS;dts
DM_2;DIY;TRADE_COUNTER;0.00897;DIRECT_MAIL;DTS;dts
DM_2;TRADE;TRADE_COUNTER;0.00897;DIRECT_MAIL;DTS;dts
DM_2;DIY;WEB;0.00897;DIRECT_MAIL;DTS;dts
DM_2;TRADE;WEB;0.00897;DIRECT_MAIL;DTS;dts
DM_3;DIY;CALL_COLLECT;0.00658;DIRECT_MAIL;DTS;dts
DM_3;TRADE;CALL_COLLECT;0.00658;DIRECT_MAIL;DTS;dts
DM_3;DIY;CLICK_COLLECT;0.00658;DIRECT_MAIL;DTS;dts
DM_3;TRADE;CLICK_COLLECT;0.00658;DIRECT_MAIL;DTS;dts
DM_3;DIY;CONTACT_CENTRE;0.00658;DIRECT_MAIL;DTS;dts
DM_3;TRADE;CONTACT_CENTRE;0.00658;DIRECT_MAIL;DTS;dts
DM_3;DIY;TRADE_COUNTER;0.00658;DIRECT_MAIL;DTS;dts
DM_3;TRADE;TRADE_COUNTER;0.00658;DIRECT_MAIL;DTS;dts
DM_3;DIY;WEB;0.00658;DIRECT_MAIL;DTS;dts
DM_3;TRADE;WEB;0.00658;DIRECT_MAIL;DTS;dts
GQV;DIY;CALL_COLLECT;0.15225;gqv;DTS;dts
GQV;TRADE;CALL_COLLECT;0.15225;gqv;DTS;dts
GQV;DIY;CLICK_COLLECT;0.15225;gqv;DTS;dts
GQV;TRADE;CLICK_COLLECT;0.15225;gqv;DTS;dts
GQV;DIY;CONTACT_CENTRE;0.15225;gqv;DTS;dts
GQV;TRADE;CONTACT_CENTRE;0.15225;gqv;DTS;dts
GQV;DIY;TRADE_COUNTER;0.15225;gqv;DTS;dts
GQV;TRADE;TRADE_COUNTER;0.15225;gqv;DTS;dts
GQV;DIY;WEB;0.15225;gqv;DTS;dts
GQV;TRADE;WEB;0.15225;gqv;DTS;dts
NAT_RADIO;DIY;CALL_COLLECT;0.00526;NATIONAL_RADIO;DTS;dts
NAT_RADIO;TRADE;CALL_COLLECT;0.00526;NATIONAL_RADIO;DTS;dts
NAT_RADIO;DIY;CLICK_COLLECT;0.00526;NATIONAL_RADIO;DTS;dts
NAT_RADIO;TRADE;CLICK_COLLECT;0.00526;NATIONAL_RADIO;DTS;dts
NAT_RADIO;DIY;CONTACT_CENTRE;0.00526;NATIONAL_RADIO;DTS;dts
NAT_RADIO;TRADE;CONTACT_CENTRE;0.00526;NATIONAL_RADIO;DTS;dts
NAT_RADIO;DIY;TRADE_COUNTER;0.00526;NATIONAL_RADIO;DTS;dts
NAT_RADIO;TRADE;TRADE_COUNTER;0.00526;NATIONAL_RADIO;DTS;dts
NAT_RADIO;DIY;WEB;0.00526;NATIONAL_RADIO;DTS;dts
NAT_RADIO;TRADE;WEB;0.00526;NATIONAL_RADIO;DTS;dts
NAT_RADIO_1;DIY;CALL_COLLECT;0.00846;NATIONAL_RADIO;DTS;dts
NAT_RADIO_1;TRADE;CALL_COLLECT;0.00846;NATIONAL_RADIO;DTS;dts
NAT_RADIO_1;DIY;CLICK_COLLECT;0.00846;NATIONAL_RADIO;DTS;dts
NAT_RADIO_1;TRADE;CLICK_COLLECT;0.00846;NATIONAL_RADIO;DTS;dts
NAT_RADIO_1;DIY;CONTACT_CENTRE;0.00846;NATIONAL_RADIO;DTS;dts
NAT_RADIO_1;TRADE;CONTACT_CENTRE;0.00846;NATIONAL_RADIO;DTS;dts
NAT_RADIO_1;DIY;TRADE_COUNTER;0.00846;NATIONAL_RADIO;DTS;dts
NAT_RADIO_1;TRADE;TRADE_COUNTER;0.00846;NATIONAL_RADIO;DTS;dts
NAT_RADIO_1;DIY;WEB;0.00846;NATIONAL_RADIO;DTS;dts
NAT_RADIO_1;TRADE;WEB;0.00846;NATIONAL_RADIO;DTS;dts
NAT_RADIO_3;DIY;CALL_COLLECT;0.00583;NATIONAL_RADIO;DTS;dts
NAT_RADIO_3;TRADE;CALL_COLLECT;0.00583;NATIONAL_RADIO;DTS;dts
NAT_RADIO_3;DIY;CLICK_COLLECT;0.00583;NATIONAL_RADIO;DTS;dts
NAT_RADIO_3;TRADE;CLICK_COLLECT;0.00583;NATIONAL_RADIO;DTS;dts
NAT_RADIO_3;DIY;CONTACT_CENTRE;0.00583;NATIONAL_RADIO;DTS;dts
NAT_RADIO_3;TRADE;CONTACT_CENTRE;0.00583;NATIONAL_RADIO;DTS;dts
NAT_RADIO_3;DIY;TRADE_COUNTER;0.00583;NATIONAL_RADIO;DTS;dts
NAT_RADIO_3;TRADE;TRADE_COUNTER;0.00583;NATIONAL_RADIO;DTS;dts
NAT_RADIO_3;DIY;WEB;0.00583;NATIONAL_RADIO;DTS;dts
NAT_RADIO_3;TRADE;WEB;0.00583;NATIONAL_RADIO;DTS;dts
OOH_1;DIY;CALL_COLLECT;0.00467;OUTDOOR;DTS;dts
OOH_1;TRADE;CALL_COLLECT;0.00467;OUTDOOR;DTS;dts
OOH_1;DIY;CLICK_COLLECT;0.00467;OUTDOOR;DTS;dts
OOH_1;TRADE;CLICK_COLLECT;0.00467;OUTDOOR;DTS;dts
OOH_1;DIY;CONTACT_CENTRE;0.00467;OUTDOOR;DTS;dts
OOH_1;TRADE;CONTACT_CENTRE;0.00467;OUTDOOR;DTS;dts
OOH_1;DIY;TRADE_COUNTER;0.00467;OUTDOOR;DTS;dts
OOH_1;TRADE;TRADE_COUNTER;0.00467;OUTDOOR;DTS;dts
OOH_1;DIY;WEB;0.00467;OUTDOOR;DTS;dts
OOH_1;TRADE;WEB;0.00467;OUTDOOR;DTS;dts
OOH_2;DIY;CALL_COLLECT;0.00501;OUTDOOR;DTS;dts
OOH_2;TRADE;CALL_COLLECT;0.00501;OUTDOOR;DTS;dts
OOH_2;DIY;CLICK_COLLECT;0.00501;OUTDOOR;DTS;dts
OOH_2;TRADE;CLICK_COLLECT;0.00501;OUTDOOR;DTS;dts
OOH_2;DIY;CONTACT_CENTRE;0.00501;OUTDOOR;DTS;dts
OOH_2;TRADE;CONTACT_CENTRE;0.00501;OUTDOOR;DTS;dts
OOH_2;DIY;TRADE_COUNTER;0.00501;OUTDOOR;DTS;dts
OOH_2;TRADE;TRADE_COUNTER;0.00501;OUTDOOR;DTS;dts
OOH_2;DIY;WEB;0.00501;OUTDOOR;DTS;dts
OOH_2;TRADE;WEB;0.00501;OUTDOOR;DTS;dts
PR_CLIP_2;DIY;CALL_COLLECT;0.01043;PR;DTS;dts
PR_CLIP_2;TRADE;CALL_COLLECT;0.01043;PR;DTS;dts
PR_CLIP_2;DIY;CLICK_COLLECT;0.01043;PR;DTS;dts
PR_CLIP_2;TRADE;CLICK_COLLECT;0.01043;PR;DTS;dts
PR_CLIP_2;DIY;CONTACT_CENTRE;0.01043;PR;DTS;dts
PR_CLIP_2;TRADE;CONTACT_CENTRE;0.01043;PR;DTS;dts
PR_CLIP_2;DIY;TRADE_COUNTER;0.01043;PR;DTS;dts
PR_CLIP_2;TRADE;TRADE_COUNTER;0.01043;PR;DTS;dts
PR_CLIP_2;DIY;WEB;0.01043;PR;DTS;dts
PR_CLIP_2;TRADE;WEB;0.01043;PR;DTS;dts
REG_RADIO_2;DIY;CALL_COLLECT;0.00395;REGIONAL_RADIO;DTS;dts
REG_RADIO_2;TRADE;CALL_COLLECT;0.00395;REGIONAL_RADIO;DTS;dts
REG_RADIO_2;DIY;CLICK_COLLECT;0.00395;REGIONAL_RADIO;DTS;dts
REG_RADIO_2;TRADE;CLICK_COLLECT;0.00395;REGIONAL_RADIO;DTS;dts
REG_RADIO_2;DIY;CONTACT_CENTRE;0.00395;REGIONAL_RADIO;DTS;dts
REG_RADIO_2;TRADE;CONTACT_CENTRE;0.00395;REGIONAL_RADIO;DTS;dts
REG_RADIO_2;DIY;TRADE_COUNTER;0.00395;REGIONAL_RADIO;DTS;dts
REG_RADIO_2;TRADE;TRADE_COUNTER;0.00395;REGIONAL_RADIO;DTS;dts
REG_RADIO_2;DIY;WEB;0.00395;REGIONAL_RADIO;DTS;dts
REG_RADIO_2;TRADE;WEB;0.00395;REGIONAL_RADIO;DTS;dts
SPON_TV_ITV;DIY;CALL_COLLECT;0.01519;SPON_TV_ITV;DTS;dts
SPON_TV_ITV;TRADE;CALL_COLLECT;0.01519;SPON_TV_ITV;DTS;dts
SPON_TV_ITV;DIY;CLICK_COLLECT;0.01519;SPON_TV_ITV;DTS;dts
SPON_TV_ITV;TRADE;CLICK_COLLECT;0.01519;SPON_TV_ITV;DTS;dts
SPON_TV_ITV;DIY;CONTACT_CENTRE;0.01519;SPON_TV_ITV;DTS;dts
SPON_TV_ITV;TRADE;CONTACT_CENTRE;0.01519;SPON_TV_ITV;DTS;dts
SPON_TV_ITV;DIY;TRADE_COUNTER;0.01519;SPON_TV_ITV;DTS;dts
SPON_TV_ITV;TRADE;TRADE_COUNTER;0.01519;SPON_TV_ITV;DTS;dts
SPON_TV_ITV;DIY;WEB;0.01519;SPON_TV_ITV;DTS;dts
SPON_TV_ITV;TRADE;WEB;0.01519;SPON_TV_ITV;DTS;dts
SPON_TV_ITV_1;DIY;CALL_COLLECT;0.0165;SPON_TV_ITV;DTS;dts
SPON_TV_ITV_1;TRADE;CALL_COLLECT;0.0165;SPON_TV_ITV;DTS;dts
SPON_TV_ITV_1;DIY;CLICK_COLLECT;0.0165;SPON_TV_ITV;DTS;dts
SPON_TV_ITV_1;TRADE;CLICK_COLLECT;0.0165;SPON_TV_ITV;DTS;dts
SPON_TV_ITV_1;DIY;CONTACT_CENTRE;0.0165;SPON_TV_ITV;DTS;dts
SPON_TV_ITV_1;TRADE;CONTACT_CENTRE;0.0165;SPON_TV_ITV;DTS;dts
SPON_TV_ITV_1;DIY;TRADE_COUNTER;0.0165;SPON_TV_ITV;DTS;dts
SPON_TV_ITV_1;TRADE;TRADE_COUNTER;0.0165;SPON_TV_ITV;DTS;dts
SPON_TV_ITV_1;DIY;WEB;0.0165;SPON_TV_ITV;DTS;dts
SPON_TV_ITV_1;TRADE;WEB;0.0165;SPON_TV_ITV;DTS;dts
SPON_TV_ITV_2;DIY;CALL_COLLECT;0.01296;SPON_TV_ITV;DTS;dts
SPON_TV_ITV_2;TRADE;CALL_COLLECT;0.01296;SPON_TV_ITV;DTS;dts
SPON_TV_ITV_2;DIY;CLICK_COLLECT;0.01296;SPON_TV_ITV;DTS;dts
SPON_TV_ITV_2;TRADE;CLICK_COLLECT;0.01296;SPON_TV_ITV;DTS;dts
SPON_TV_ITV_2;DIY;CONTACT_CENTRE;0.01296;SPON_TV_ITV;DTS;dts
SPON_TV_ITV_2;TRADE;CONTACT_CENTRE;0.01296;SPON_TV_ITV;DTS;dts
SPON_TV_ITV_2;DIY;TRADE_COUNTER;0.01296;SPON_TV_ITV;DTS;dts
SPON_TV_ITV_2;TRADE;TRADE_COUNTER;0.01296;SPON_TV_ITV;DTS;dts
SPON_TV_ITV_2;DIY;WEB;0.01296;SPON_TV_ITV;DTS;dts
SPON_TV_ITV_2;TRADE;WEB;0.01296;SPON_TV_ITV;DTS;dts
SPON_TV_ITV_3;DIY;CALL_COLLECT;0.01152;SPON_TV_ITV;DTS;dts
SPON_TV_ITV_3;TRADE;CALL_COLLECT;0.01152;SPON_TV_ITV;DTS;dts
SPON_TV_ITV_3;DIY;CLICK_COLLECT;0.01152;SPON_TV_ITV;DTS;dts
SPON_TV_ITV_3;TRADE;CLICK_COLLECT;0.01152;SPON_TV_ITV;DTS;dts
SPON_TV_ITV_3;DIY;CONTACT_CENTRE;0.01152;SPON_TV_ITV;DTS;dts
SPON_TV_ITV_3;TRADE;CONTACT_CENTRE;0.01152;SPON_TV_ITV;DTS;dts
SPON_TV_ITV_3;DIY;TRADE_COUNTER;0.01152;SPON_TV_ITV;DTS;dts
SPON_TV_ITV_3;TRADE;TRADE_COUNTER;0.01152;SPON_TV_ITV;DTS;dts
SPON_TV_ITV_3;DIY;WEB;0.01152;SPON_TV_ITV;DTS;dts
SPON_TV_ITV_3;TRADE;WEB;0.01152;SPON_TV_ITV;DTS;dts
SPON_TV_SKY_1;DIY;CALL_COLLECT;0.00565;SPON_TV_SKY;DTS;dts
SPON_TV_SKY_1;TRADE;CALL_COLLECT;0.00565;SPON_TV_SKY;DTS;dts
SPON_TV_SKY_1;DIY;CLICK_COLLECT;0.00565;SPON_TV_SKY;DTS;dts
SPON_TV_SKY_1;TRADE;CLICK_COLLECT;0.00565;SPON_TV_SKY;DTS;dts
SPON_TV_SKY_1;DIY;CONTACT_CENTRE;0.00565;SPON_TV_SKY;DTS;dts
SPON_TV_SKY_1;TRADE;CONTACT_CENTRE;0.00565;SPON_TV_SKY;DTS;dts
SPON_TV_SKY_1;DIY;TRADE_COUNTER;0.00565;SPON_TV_SKY;DTS;dts
SPON_TV_SKY_1;TRADE;TRADE_COUNTER;0.00565;SPON_TV_SKY;DTS;dts
SPON_TV_SKY_1;DIY;WEB;0.00565;SPON_TV_SKY;DTS;dts
SPON_TV_SKY_1;TRADE;WEB;0.00565;SPON_TV_SKY;DTS;dts
BRAND_TV_1;DIY;CALL_COLLECT;0.02547;BRAND_TV;EMAIL;email
BRAND_TV_1;TRADE;CALL_COLLECT;0.02547;BRAND_TV;EMAIL;email
BRAND_TV_1;DIY;CLICK_COLLECT;0.02547;BRAND_TV;EMAIL;email
BRAND_TV_1;TRADE;CLICK_COLLECT;0.02547;BRAND_TV;EMAIL;email
BRAND_TV_1;DIY;CONTACT_CENTRE;0.02547;BRAND_TV;EMAIL;email
BRAND_TV_1;TRADE;CONTACT_CENTRE;0.02547;BRAND_TV;EMAIL;email
BRAND_TV_1;DIY;TRADE_COUNTER;0.02547;BRAND_TV;EMAIL;email
BRAND_TV_1;TRADE;TRADE_COUNTER;0.02547;BRAND_TV;EMAIL;email
BRAND_TV_1;DIY;WEB;0.02547;BRAND_TV;EMAIL;email
BRAND_TV_1;TRADE;WEB;0.02547;BRAND_TV;EMAIL;email
EMAIL_OPEN;DIY;CALL_COLLECT;0.80487;EMAIL_OPEN;EMAIL;email
EMAIL_OPEN;TRADE;CALL_COLLECT;0.80487;EMAIL_OPEN;EMAIL;email
EMAIL_OPEN;DIY;CLICK_COLLECT;0.80487;EMAIL_OPEN;EMAIL;email
EMAIL_OPEN;TRADE;CLICK_COLLECT;0.80487;EMAIL_OPEN;EMAIL;email
EMAIL_OPEN;DIY;CONTACT_CENTRE;0.80487;EMAIL_OPEN;EMAIL;email
EMAIL_OPEN;TRADE;CONTACT_CENTRE;0.80487;EMAIL_OPEN;EMAIL;email
EMAIL_OPEN;DIY;TRADE_COUNTER;0.80487;EMAIL_OPEN;EMAIL;email
EMAIL_OPEN;TRADE;TRADE_COUNTER;0.80487;EMAIL_OPEN;EMAIL;email
EMAIL_OPEN;DIY;WEB;0.80487;EMAIL_OPEN;EMAIL;email
EMAIL_OPEN;TRADE;WEB;0.80487;EMAIL_OPEN;EMAIL;email
REG_RADIO_1;DIY;CALL_COLLECT;0.0106;REGIONAL_RADIO;EMAIL;email
REG_RADIO_1;TRADE;CALL_COLLECT;0.0106;REGIONAL_RADIO;EMAIL;email
REG_RADIO_1;DIY;CLICK_COLLECT;0.0106;REGIONAL_RADIO;EMAIL;email
REG_RADIO_1;TRADE;CLICK_COLLECT;0.0106;REGIONAL_RADIO;EMAIL;email
REG_RADIO_1;DIY;CONTACT_CENTRE;0.0106;REGIONAL_RADIO;EMAIL;email
REG_RADIO_1;TRADE;CONTACT_CENTRE;0.0106;REGIONAL_RADIO;EMAIL;email
REG_RADIO_1;DIY;TRADE_COUNTER;0.0106;REGIONAL_RADIO;EMAIL;email
REG_RADIO_1;TRADE;TRADE_COUNTER;0.0106;REGIONAL_RADIO;EMAIL;email
REG_RADIO_1;DIY;WEB;0.0106;REGIONAL_RADIO;EMAIL;email
REG_RADIO_1;TRADE;WEB;0.0106;REGIONAL_RADIO;EMAIL;email
REG_RADIO_3;DIY;CALL_COLLECT;0.00778;REGIONAL_RADIO;EMAIL;email
REG_RADIO_3;TRADE;CALL_COLLECT;0.00778;REGIONAL_RADIO;EMAIL;email
REG_RADIO_3;DIY;CLICK_COLLECT;0.00778;REGIONAL_RADIO;EMAIL;email
REG_RADIO_3;TRADE;CLICK_COLLECT;0.00778;REGIONAL_RADIO;EMAIL;email
REG_RADIO_3;DIY;CONTACT_CENTRE;0.00778;REGIONAL_RADIO;EMAIL;email
REG_RADIO_3;TRADE;CONTACT_CENTRE;0.00778;REGIONAL_RADIO;EMAIL;email
REG_RADIO_3;DIY;TRADE_COUNTER;0.00778;REGIONAL_RADIO;EMAIL;email
REG_RADIO_3;TRADE;TRADE_COUNTER;0.00778;REGIONAL_RADIO;EMAIL;email
REG_RADIO_3;DIY;WEB;0.00778;REGIONAL_RADIO;EMAIL;email
REG_RADIO_3;TRADE;WEB;0.00778;REGIONAL_RADIO;EMAIL;email
SELCO;DIY;CALL_COLLECT;-0.03124;SELCO;EMAIL;email
SELCO;TRADE;CALL_COLLECT;-0.03124;SELCO;EMAIL;email
SELCO;DIY;CLICK_COLLECT;-0.03124;SELCO;EMAIL;email
SELCO;TRADE;CLICK_COLLECT;-0.03124;SELCO;EMAIL;email
SELCO;DIY;CONTACT_CENTRE;-0.03124;SELCO;EMAIL;email
SELCO;TRADE;CONTACT_CENTRE;-0.03124;SELCO;EMAIL;email
SELCO;DIY;TRADE_COUNTER;-0.03124;SELCO;EMAIL;email
SELCO;TRADE;TRADE_COUNTER;-0.03124;SELCO;EMAIL;email
SELCO;DIY;WEB;-0.03124;SELCO;EMAIL;email
SELCO;TRADE;WEB;-0.03124;SELCO;EMAIL;email
SPON_TV_ITV_3;DIY;CALL_COLLECT;0.02359;SPON_TV_ITV;EMAIL;email
SPON_TV_ITV_3;TRADE;CALL_COLLECT;0.02359;SPON_TV_ITV;EMAIL;email
SPON_TV_ITV_3;DIY;CLICK_COLLECT;0.02359;SPON_TV_ITV;EMAIL;email
SPON_TV_ITV_3;TRADE;CLICK_COLLECT;0.02359;SPON_TV_ITV;EMAIL;email
SPON_TV_ITV_3;DIY;CONTACT_CENTRE;0.02359;SPON_TV_ITV;EMAIL;email
SPON_TV_ITV_3;TRADE;CONTACT_CENTRE;0.02359;SPON_TV_ITV;EMAIL;email
SPON_TV_ITV_3;DIY;TRADE_COUNTER;0.02359;SPON_TV_ITV;EMAIL;email
SPON_TV_ITV_3;TRADE;TRADE_COUNTER;0.02359;SPON_TV_ITV;EMAIL;email
SPON_TV_ITV_3;DIY;WEB;0.02359;SPON_TV_ITV;EMAIL;email
SPON_TV_ITV_3;TRADE;WEB;0.02359;SPON_TV_ITV;EMAIL;email
SPON_TV_SKY_3;DIY;CALL_COLLECT;0.01038;SPON_TV_SKY;EMAIL;email
SPON_TV_SKY_3;TRADE;CALL_COLLECT;0.01038;SPON_TV_SKY;EMAIL;email
SPON_TV_SKY_3;DIY;CLICK_COLLECT;0.01038;SPON_TV_SKY;EMAIL;email
SPON_TV_SKY_3;TRADE;CLICK_COLLECT;0.01038;SPON_TV_SKY;EMAIL;email
SPON_TV_SKY_3;DIY;CONTACT_CENTRE;0.01038;SPON_TV_SKY;EMAIL;email
SPON_TV_SKY_3;TRADE;CONTACT_CENTRE;0.01038;SPON_TV_SKY;EMAIL;email
SPON_TV_SKY_3;DIY;TRADE_COUNTER;0.01038;SPON_TV_SKY;EMAIL;email
SPON_TV_SKY_3;TRADE;TRADE_COUNTER;0.01038;SPON_TV_SKY;EMAIL;email
SPON_TV_SKY_3;DIY;WEB;0.01038;SPON_TV_SKY;EMAIL;email
SPON_TV_SKY_3;TRADE;WEB;0.01038;SPON_TV_SKY;EMAIL;email
DDROP_1;DIY;CALL_COLLECT;0.0030637;DOOR_DROP;GQV;gqv
DDROP_1;TRADE;CALL_COLLECT;0.0030637;DOOR_DROP;GQV;gqv
DDROP_1;DIY;CLICK_COLLECT;0.0030637;DOOR_DROP;GQV;gqv
DDROP_1;TRADE;CLICK_COLLECT;0.0030637;DOOR_DROP;GQV;gqv
DDROP_1;DIY;CONTACT_CENTRE;0.0030637;DOOR_DROP;GQV;gqv
DDROP_1;TRADE;CONTACT_CENTRE;0.0030637;DOOR_DROP;GQV;gqv
DDROP_1;DIY;TRADE_COUNTER;0.0030637;DOOR_DROP;GQV;gqv
DDROP_1;TRADE;TRADE_COUNTER;0.0030637;DOOR_DROP;GQV;gqv
DDROP_1;DIY;WEB;0.0030637;DOOR_DROP;GQV;gqv
DDROP_1;TRADE;WEB;0.0030637;DOOR_DROP;GQV;gqv
DDROP_3;DIY;CALL_COLLECT;0.0035049;DOOR_DROP;GQV;gqv
DDROP_3;TRADE;CALL_COLLECT;0.0035049;DOOR_DROP;GQV;gqv
DDROP_3;DIY;CLICK_COLLECT;0.0035049;DOOR_DROP;GQV;gqv
DDROP_3;TRADE;CLICK_COLLECT;0.0035049;DOOR_DROP;GQV;gqv
DDROP_3;DIY;CONTACT_CENTRE;0.0035049;DOOR_DROP;GQV;gqv
DDROP_3;TRADE;CONTACT_CENTRE;0.0035049;DOOR_DROP;GQV;gqv
DDROP_3;DIY;TRADE_COUNTER;0.0035049;DOOR_DROP;GQV;gqv
DDROP_3;TRADE;TRADE_COUNTER;0.0035049;DOOR_DROP;GQV;gqv
DDROP_3;DIY;WEB;0.0035049;DOOR_DROP;GQV;gqv
DDROP_3;TRADE;WEB;0.0035049;DOOR_DROP;GQV;gqv
DM7;DIY;CALL_COLLECT;0.025743;DIRECT_MAIL;GQV;gqv
DM7;TRADE;CALL_COLLECT;0.025743;DIRECT_MAIL;GQV;gqv
DM7;DIY;CLICK_COLLECT;0.025743;DIRECT_MAIL;GQV;gqv
DM7;TRADE;CLICK_COLLECT;0.025743;DIRECT_MAIL;GQV;gqv
DM7;DIY;CONTACT_CENTRE;0.025743;DIRECT_MAIL;GQV;gqv
DM7;TRADE;CONTACT_CENTRE;0.025743;DIRECT_MAIL;GQV;gqv
DM7;DIY;TRADE_COUNTER;0.025743;DIRECT_MAIL;GQV;gqv
DM7;TRADE;TRADE_COUNTER;0.025743;DIRECT_MAIL;GQV;gqv
DM7;DIY;WEB;0.025743;DIRECT_MAIL;GQV;gqv
DM7;TRADE;WEB;0.025743;DIRECT_MAIL;GQV;gqv
NAT_PRESS;DIY;CALL_COLLECT;0.0029776;NATIONAL_PRESS;GQV;gqv
NAT_PRESS;TRADE;CALL_COLLECT;0.0029776;NATIONAL_PRESS;GQV;gqv
NAT_PRESS;DIY;CLICK_COLLECT;0.0029776;NATIONAL_PRESS;GQV;gqv
NAT_PRESS;TRADE;CLICK_COLLECT;0.0029776;NATIONAL_PRESS;GQV;gqv
NAT_PRESS;DIY;CONTACT_CENTRE;0.0029776;NATIONAL_PRESS;GQV;gqv
NAT_PRESS;TRADE;CONTACT_CENTRE;0.0029776;NATIONAL_PRESS;GQV;gqv
NAT_PRESS;DIY;TRADE_COUNTER;0.0029776;NATIONAL_PRESS;GQV;gqv
NAT_PRESS;TRADE;TRADE_COUNTER;0.0029776;NATIONAL_PRESS;GQV;gqv
NAT_PRESS;DIY;WEB;0.0029776;NATIONAL_PRESS;GQV;gqv
NAT_PRESS;TRADE;WEB;0.0029776;NATIONAL_PRESS;GQV;gqv
PR_CLIP_1;DIY;CALL_COLLECT;0.015015;PR;GQV;gqv
PR_CLIP_1;TRADE;CALL_COLLECT;0.015015;PR;GQV;gqv
PR_CLIP_1;DIY;CLICK_COLLECT;0.015015;PR;GQV;gqv
PR_CLIP_1;TRADE;CLICK_COLLECT;0.015015;PR;GQV;gqv
PR_CLIP_1;DIY;CONTACT_CENTRE;0.015015;PR;GQV;gqv
PR_CLIP_1;TRADE;CONTACT_CENTRE;0.015015;PR;GQV;gqv
PR_CLIP_1;DIY;TRADE_COUNTER;0.015015;PR;GQV;gqv
PR_CLIP_1;TRADE;TRADE_COUNTER;0.015015;PR;GQV;gqv
PR_CLIP_1;DIY;WEB;0.015015;PR;GQV;gqv
PR_CLIP_1;TRADE;WEB;0.015015;PR;GQV;gqv
TV_ITV5;DIY;CALL_COLLECT;0.013277;SPON_TV_ITV;GQV;gqv
TV_ITV5;TRADE;CALL_COLLECT;0.013277;SPON_TV_ITV;GQV;gqv
TV_ITV5;DIY;CLICK_COLLECT;0.013277;SPON_TV_ITV;GQV;gqv
TV_ITV5;TRADE;CLICK_COLLECT;0.013277;SPON_TV_ITV;GQV;gqv
TV_ITV5;DIY;CONTACT_CENTRE;0.013277;SPON_TV_ITV;GQV;gqv
TV_ITV5;TRADE;CONTACT_CENTRE;0.013277;SPON_TV_ITV;GQV;gqv
TV_ITV5;DIY;TRADE_COUNTER;0.013277;SPON_TV_ITV;GQV;gqv
TV_ITV5;TRADE;TRADE_COUNTER;0.013277;SPON_TV_ITV;GQV;gqv
TV_ITV5;DIY;WEB;0.013277;SPON_TV_ITV;GQV;gqv
TV_ITV5;TRADE;WEB;0.013277;SPON_TV_ITV;GQV;gqv
TV_SKY2_3;DIY;CALL_COLLECT;0.013803;SPON_TV_SKY;GQV;gqv
TV_SKY2_3;TRADE;CALL_COLLECT;0.013803;SPON_TV_SKY;GQV;gqv
TV_SKY2_3;DIY;CLICK_COLLECT;0.013803;SPON_TV_SKY;GQV;gqv
TV_SKY2_3;TRADE;CLICK_COLLECT;0.013803;SPON_TV_SKY;GQV;gqv
TV_SKY2_3;DIY;CONTACT_CENTRE;0.013803;SPON_TV_SKY;GQV;gqv
TV_SKY2_3;TRADE;CONTACT_CENTRE;0.013803;SPON_TV_SKY;GQV;gqv
TV_SKY2_3;DIY;TRADE_COUNTER;0.013803;SPON_TV_SKY;GQV;gqv
TV_SKY2_3;TRADE;TRADE_COUNTER;0.013803;SPON_TV_SKY;GQV;gqv
TV_SKY2_3;DIY;WEB;0.013803;SPON_TV_SKY;GQV;gqv
TV_SKY2_3;TRADE;WEB;0.013803;SPON_TV_SKY;GQV;gqv
BRAND_TV_1;DIY;CALL_COLLECT;0.00421;BRAND_TV;PS_BG;paid_search
BRAND_TV_1;TRADE;CALL_COLLECT;0.00421;BRAND_TV;PS_BG;paid_search
BRAND_TV_1;DIY;CLICK_COLLECT;0.00421;BRAND_TV;PS_BG;paid_search
BRAND_TV_1;TRADE;CLICK_COLLECT;0.00421;BRAND_TV;PS_BG;paid_search
BRAND_TV_1;DIY;CONTACT_CENTRE;0.00421;BRAND_TV;PS_BG;paid_search
BRAND_TV_1;TRADE;CONTACT_CENTRE;0.00421;BRAND_TV;PS_BG;paid_search
BRAND_TV_1;DIY;TRADE_COUNTER;0.00421;BRAND_TV;PS_BG;paid_search
BRAND_TV_1;TRADE;TRADE_COUNTER;0.00421;BRAND_TV;PS_BG;paid_search
BRAND_TV_1;DIY;WEB;0.00421;BRAND_TV;PS_BG;paid_search
BRAND_TV_1;TRADE;WEB;0.00421;BRAND_TV;PS_BG;paid_search
BRAND_TV_2;DIY;CALL_COLLECT;0.00798;BRAND_TV;PS_BG;paid_search
BRAND_TV_2;TRADE;CALL_COLLECT;0.00798;BRAND_TV;PS_BG;paid_search
BRAND_TV_2;DIY;CLICK_COLLECT;0.00798;BRAND_TV;PS_BG;paid_search
BRAND_TV_2;TRADE;CLICK_COLLECT;0.00798;BRAND_TV;PS_BG;paid_search
BRAND_TV_2;DIY;CONTACT_CENTRE;0.00798;BRAND_TV;PS_BG;paid_search
BRAND_TV_2;TRADE;CONTACT_CENTRE;0.00798;BRAND_TV;PS_BG;paid_search
BRAND_TV_2;DIY;TRADE_COUNTER;0.00798;BRAND_TV;PS_BG;paid_search
BRAND_TV_2;TRADE;TRADE_COUNTER;0.00798;BRAND_TV;PS_BG;paid_search
BRAND_TV_2;DIY;WEB;0.00798;BRAND_TV;PS_BG;paid_search
BRAND_TV_2;TRADE;WEB;0.00798;BRAND_TV;PS_BG;paid_search
DDROP;DIY;CALL_COLLECT;0.00278;DOOR_DROP;PS_BG;paid_search
DDROP;TRADE;CALL_COLLECT;0.00278;DOOR_DROP;PS_BG;paid_search
DDROP;DIY;CLICK_COLLECT;0.00278;DOOR_DROP;PS_BG;paid_search
DDROP;TRADE;CLICK_COLLECT;0.00278;DOOR_DROP;PS_BG;paid_search
DDROP;DIY;CONTACT_CENTRE;0.00278;DOOR_DROP;PS_BG;paid_search
DDROP;TRADE;CONTACT_CENTRE;0.00278;DOOR_DROP;PS_BG;paid_search
DDROP;DIY;TRADE_COUNTER;0.00278;DOOR_DROP;PS_BG;paid_search
DDROP;TRADE;TRADE_COUNTER;0.00278;DOOR_DROP;PS_BG;paid_search
DDROP;DIY;WEB;0.00278;DOOR_DROP;PS_BG;paid_search
DDROP;TRADE;WEB;0.00278;DOOR_DROP;PS_BG;paid_search
DDROP_1;DIY;CALL_COLLECT;0.00304;DOOR_DROP;PS_BG;paid_search
DDROP_1;TRADE;CALL_COLLECT;0.00304;DOOR_DROP;PS_BG;paid_search
DDROP_1;DIY;CLICK_COLLECT;0.00304;DOOR_DROP;PS_BG;paid_search
DDROP_1;TRADE;CLICK_COLLECT;0.00304;DOOR_DROP;PS_BG;paid_search
DDROP_1;DIY;CONTACT_CENTRE;0.00304;DOOR_DROP;PS_BG;paid_search
DDROP_1;TRADE;CONTACT_CENTRE;0.00304;DOOR_DROP;PS_BG;paid_search
DDROP_1;DIY;TRADE_COUNTER;0.00304;DOOR_DROP;PS_BG;paid_search
DDROP_1;TRADE;TRADE_COUNTER;0.00304;DOOR_DROP;PS_BG;paid_search
DDROP_1;DIY;WEB;0.00304;DOOR_DROP;PS_BG;paid_search
DDROP_1;TRADE;WEB;0.00304;DOOR_DROP;PS_BG;paid_search
DM_3;DIY;CALL_COLLECT;0.0057;DIRECT_MAIL;PS_BG;paid_search
DM_3;TRADE;CALL_COLLECT;0.0057;DIRECT_MAIL;PS_BG;paid_search
DM_3;DIY;CLICK_COLLECT;0.0057;DIRECT_MAIL;PS_BG;paid_search
DM_3;TRADE;CLICK_COLLECT;0.0057;DIRECT_MAIL;PS_BG;paid_search
DM_3;DIY;CONTACT_CENTRE;0.0057;DIRECT_MAIL;PS_BG;paid_search
DM_3;TRADE;CONTACT_CENTRE;0.0057;DIRECT_MAIL;PS_BG;paid_search
DM_3;DIY;TRADE_COUNTER;0.0057;DIRECT_MAIL;PS_BG;paid_search
DM_3;TRADE;TRADE_COUNTER;0.0057;DIRECT_MAIL;PS_BG;paid_search
DM_3;DIY;WEB;0.0057;DIRECT_MAIL;PS_BG;paid_search
DM_3;TRADE;WEB;0.0057;DIRECT_MAIL;PS_BG;paid_search
NAT_PRESS;DIY;CALL_COLLECT;0.00865;NATIONAL_PRESS;PS_BG;paid_search
NAT_PRESS;TRADE;CALL_COLLECT;0.00865;NATIONAL_PRESS;PS_BG;paid_search
NAT_PRESS;DIY;CLICK_COLLECT;0.00865;NATIONAL_PRESS;PS_BG;paid_search
NAT_PRESS;TRADE;CLICK_COLLECT;0.00865;NATIONAL_PRESS;PS_BG;paid_search
NAT_PRESS;DIY;CONTACT_CENTRE;0.00865;NATIONAL_PRESS;PS_BG;paid_search
NAT_PRESS;TRADE;CONTACT_CENTRE;0.00865;NATIONAL_PRESS;PS_BG;paid_search
NAT_PRESS;DIY;TRADE_COUNTER;0.00865;NATIONAL_PRESS;PS_BG;paid_search
NAT_PRESS;TRADE;TRADE_COUNTER;0.00865;NATIONAL_PRESS;PS_BG;paid_search
NAT_PRESS;DIY;WEB;0.00865;NATIONAL_PRESS;PS_BG;paid_search
NAT_PRESS;TRADE;WEB;0.00865;NATIONAL_PRESS;PS_BG;paid_search
NAT_PRESS_1;DIY;CALL_COLLECT;0.00583;NATIONAL_PRESS;PS_BG;paid_search
NAT_PRESS_1;TRADE;CALL_COLLECT;0.00583;NATIONAL_PRESS;PS_BG;paid_search
NAT_PRESS_1;DIY;CLICK_COLLECT;0.00583;NATIONAL_PRESS;PS_BG;paid_search
NAT_PRESS_1;TRADE;CLICK_COLLECT;0.00583;NATIONAL_PRESS;PS_BG;paid_search
NAT_PRESS_1;DIY;CONTACT_CENTRE;0.00583;NATIONAL_PRESS;PS_BG;paid_search
NAT_PRESS_1;TRADE;CONTACT_CENTRE;0.00583;NATIONAL_PRESS;PS_BG;paid_search
NAT_PRESS_1;DIY;TRADE_COUNTER;0.00583;NATIONAL_PRESS;PS_BG;paid_search
NAT_PRESS_1;TRADE;TRADE_COUNTER;0.00583;NATIONAL_PRESS;PS_BG;paid_search
NAT_PRESS_1;DIY;WEB;0.00583;NATIONAL_PRESS;PS_BG;paid_search
NAT_PRESS_1;TRADE;WEB;0.00583;NATIONAL_PRESS;PS_BG;paid_search
NAT_RADIO_1;DIY;CALL_COLLECT;0.00288;NATIONAL_RADIO;PS_BG;paid_search
NAT_RADIO_1;TRADE;CALL_COLLECT;0.00288;NATIONAL_RADIO;PS_BG;paid_search
NAT_RADIO_1;DIY;CLICK_COLLECT;0.00288;NATIONAL_RADIO;PS_BG;paid_search
NAT_RADIO_1;TRADE;CLICK_COLLECT;0.00288;NATIONAL_RADIO;PS_BG;paid_search
NAT_RADIO_1;DIY;CONTACT_CENTRE;0.00288;NATIONAL_RADIO;PS_BG;paid_search
NAT_RADIO_1;TRADE;CONTACT_CENTRE;0.00288;NATIONAL_RADIO;PS_BG;paid_search
NAT_RADIO_1;DIY;TRADE_COUNTER;0.00288;NATIONAL_RADIO;PS_BG;paid_search
NAT_RADIO_1;TRADE;TRADE_COUNTER;0.00288;NATIONAL_RADIO;PS_BG;paid_search
NAT_RADIO_1;DIY;WEB;0.00288;NATIONAL_RADIO;PS_BG;paid_search
NAT_RADIO_1;TRADE;WEB;0.00288;NATIONAL_RADIO;PS_BG;paid_search
NAT_RADIO_3;DIY;CALL_COLLECT;0.00402;NATIONAL_RADIO;PS_BG;paid_search
NAT_RADIO_3;TRADE;CALL_COLLECT;0.00402;NATIONAL_RADIO;PS_BG;paid_search
NAT_RADIO_3;DIY;CLICK_COLLECT;0.00402;NATIONAL_RADIO;PS_BG;paid_search
NAT_RADIO_3;TRADE;CLICK_COLLECT;0.00402;NATIONAL_RADIO;PS_BG;paid_search
NAT_RADIO_3;DIY;CONTACT_CENTRE;0.00402;NATIONAL_RADIO;PS_BG;paid_search
NAT_RADIO_3;TRADE;CONTACT_CENTRE;0.00402;NATIONAL_RADIO;PS_BG;paid_search
NAT_RADIO_3;DIY;TRADE_COUNTER;0.00402;NATIONAL_RADIO;PS_BG;paid_search
NAT_RADIO_3;TRADE;TRADE_COUNTER;0.00402;NATIONAL_RADIO;PS_BG;paid_search
NAT_RADIO_3;DIY;WEB;0.00402;NATIONAL_RADIO;PS_BG;paid_search
NAT_RADIO_3;TRADE;WEB;0.00402;NATIONAL_RADIO;PS_BG;paid_search
PS_BG_IMPS;DIY;CALL_COLLECT;0.7097;PAID_SEARCH_DIRECT;PS_BG;paid_search
PS_BG_IMPS;TRADE;CALL_COLLECT;0.7097;PAID_SEARCH_DIRECT;PS_BG;paid_search
PS_BG_IMPS;DIY;CLICK_COLLECT;0.7097;PAID_SEARCH_DIRECT;PS_BG;paid_search
PS_BG_IMPS;TRADE;CLICK_COLLECT;0.7097;PAID_SEARCH_DIRECT;PS_BG;paid_search
PS_BG_IMPS;DIY;CONTACT_CENTRE;0.7097;PAID_SEARCH_DIRECT;PS_BG;paid_search
PS_BG_IMPS;TRADE;CONTACT_CENTRE;0.7097;PAID_SEARCH_DIRECT;PS_BG;paid_search
PS_BG_IMPS;DIY;TRADE_COUNTER;0.7097;PAID_SEARCH_DIRECT;PS_BG;paid_search
PS_BG_IMPS;TRADE;TRADE_COUNTER;0.7097;PAID_SEARCH_DIRECT;PS_BG;paid_search
PS_BG_IMPS;DIY;WEB;0.7097;PAID_SEARCH_DIRECT;PS_BG;paid_search
PS_BG_IMPS;TRADE;WEB;0.7097;PAID_SEARCH_DIRECT;PS_BG;paid_search
SPON_TV_SKY;DIY;CALL_COLLECT;0.00365;SPON_TV_SKY;PS_BG;paid_search
SPON_TV_SKY;TRADE;CALL_COLLECT;0.00365;SPON_TV_SKY;PS_BG;paid_search
SPON_TV_SKY;DIY;CLICK_COLLECT;0.00365;SPON_TV_SKY;PS_BG;paid_search
SPON_TV_SKY;TRADE;CLICK_COLLECT;0.00365;SPON_TV_SKY;PS_BG;paid_search
SPON_TV_SKY;DIY;CONTACT_CENTRE;0.00365;SPON_TV_SKY;PS_BG;paid_search
SPON_TV_SKY;TRADE;CONTACT_CENTRE;0.00365;SPON_TV_SKY;PS_BG;paid_search
SPON_TV_SKY;DIY;TRADE_COUNTER;0.00365;SPON_TV_SKY;PS_BG;paid_search
SPON_TV_SKY;TRADE;TRADE_COUNTER;0.00365;SPON_TV_SKY;PS_BG;paid_search
SPON_TV_SKY;DIY;WEB;0.00365;SPON_TV_SKY;PS_BG;paid_search
SPON_TV_SKY;TRADE;WEB;0.00365;SPON_TV_SKY;PS_BG;paid_search
YT_SFX_PRODUCT_CAT126;DIY;CALL_COLLECT;0.01504;YT_SFX_PRODUCT_CAT126;PS_BG;paid_search
YT_SFX_PRODUCT_CAT126;TRADE;CALL_COLLECT;0.01504;YT_SFX_PRODUCT_CAT126;PS_BG;paid_search
YT_SFX_PRODUCT_CAT126;DIY;CLICK_COLLECT;0.01504;YT_SFX_PRODUCT_CAT126;PS_BG;paid_search
YT_SFX_PRODUCT_CAT126;TRADE;CLICK_COLLECT;0.01504;YT_SFX_PRODUCT_CAT126;PS_BG;paid_search
YT_SFX_PRODUCT_CAT126;DIY;CONTACT_CENTRE;0.01504;YT_SFX_PRODUCT_CAT126;PS_BG;paid_search
YT_SFX_PRODUCT_CAT126;TRADE;CONTACT_CENTRE;0.01504;YT_SFX_PRODUCT_CAT126;PS_BG;paid_search
YT_SFX_PRODUCT_CAT126;DIY;TRADE_COUNTER;0.01504;YT_SFX_PRODUCT_CAT126;PS_BG;paid_search
YT_SFX_PRODUCT_CAT126;TRADE;TRADE_COUNTER;0.01504;YT_SFX_PRODUCT_CAT126;PS_BG;paid_search
YT_SFX_PRODUCT_CAT126;DIY;WEB;0.01504;YT_SFX_PRODUCT_CAT126;PS_BG;paid_search
YT_SFX_PRODUCT_CAT126;TRADE;WEB;0.01504;YT_SFX_PRODUCT_CAT126;PS_BG;paid_search
BQ;DIY;CALL_COLLECT;-0.026612;BQ;SALES;sales
BQ;DIY;CONTACT_CENTRE;-0.044061;BQ;SALES;sales
BQ;DIY;TRADE_COUNTER;-0.008536;BQ;SALES;sales
BQ_1;TRADE;CALL_COLLECT;-0.027793;BQ;SALES;sales
BQ_1;TRADE;WEB;-0.020051;BQ;SALES;sales
BRAND_TV;DIY;CALL_COLLECT;0.00615;BRAND_TV;SALES;sales
BRAND_TV;DIY;CLICK_COLLECT;0.00615;BRAND_TV;SALES;sales
BRAND_TV;DIY;CONTACT_CENTRE;0.00615;BRAND_TV;SALES;sales
BRAND_TV;DIY;TRADE_COUNTER;0.00615;BRAND_TV;SALES;sales
BRAND_TV;DIY;WEB;0.00615;BRAND_TV;SALES;sales
BRAND_TV;TRADE;CALL_COLLECT;0.00994;BRAND_TV;SALES;sales
BRAND_TV;TRADE;CLICK_COLLECT;0.00994;BRAND_TV;SALES;sales
BRAND_TV;TRADE;CONTACT_CENTRE;0.00994;BRAND_TV;SALES;sales
BRAND_TV;TRADE;TRADE_COUNTER;0.00994;BRAND_TV;SALES;sales
BRAND_TV;TRADE;WEB;0.00994;BRAND_TV;SALES;sales
BRAND_TV_1;DIY;CALL_COLLECT;0.00524;BRAND_TV;SALES;sales
BRAND_TV_1;DIY;CLICK_COLLECT;0.00524;BRAND_TV;SALES;sales
BRAND_TV_1;DIY;CONTACT_CENTRE;0.00524;BRAND_TV;SALES;sales
BRAND_TV_1;DIY;TRADE_COUNTER;0.00524;BRAND_TV;SALES;sales
BRAND_TV_1;DIY;WEB;0.00524;BRAND_TV;SALES;sales
BRAND_TV_1;TRADE;CALL_COLLECT;0.00773;BRAND_TV;SALES;sales
BRAND_TV_1;TRADE;CLICK_COLLECT;0.00773;BRAND_TV;SALES;sales
BRAND_TV_1;TRADE;CONTACT_CENTRE;0.00773;BRAND_TV;SALES;sales
BRAND_TV_1;TRADE;TRADE_COUNTER;0.00773;BRAND_TV;SALES;sales
BRAND_TV_1;TRADE;WEB;0.00773;BRAND_TV;SALES;sales
BRAND_TV_2;DIY;CALL_COLLECT;0.00433;BRAND_TV;SALES;sales
BRAND_TV_2;DIY;CLICK_COLLECT;0.00433;BRAND_TV;SALES;sales
BRAND_TV_2;DIY;CONTACT_CENTRE;0.00433;BRAND_TV;SALES;sales
BRAND_TV_2;DIY;TRADE_COUNTER;0.00433;BRAND_TV;SALES;sales
BRAND_TV_2;DIY;WEB;0.00433;BRAND_TV;SALES;sales
BRAND_TV_2;TRADE;CALL_COLLECT;0.00551;BRAND_TV;SALES;sales
BRAND_TV_2;TRADE;CLICK_COLLECT;0.00551;BRAND_TV;SALES;sales
BRAND_TV_2;TRADE;CONTACT_CENTRE;0.00551;BRAND_TV;SALES;sales
BRAND_TV_2;TRADE;TRADE_COUNTER;0.00551;BRAND_TV;SALES;sales
BRAND_TV_2;TRADE;WEB;0.00551;BRAND_TV;SALES;sales
BRAND_TV_3;TRADE;CALL_COLLECT;0.0033;BRAND_TV;SALES;sales
BRAND_TV_3;TRADE;CLICK_COLLECT;0.0033;BRAND_TV;SALES;sales
BRAND_TV_3;TRADE;CONTACT_CENTRE;0.0033;BRAND_TV;SALES;sales
BRAND_TV_3;TRADE;TRADE_COUNTER;0.0033;BRAND_TV;SALES;sales
BRAND_TV_3;TRADE;WEB;0.0033;BRAND_TV;SALES;sales
DDROP;DIY;CONTACT_CENTRE;0.003714;DOOR_DROP;SALES;sales
DDROP;TRADE;CALL_COLLECT;0.010272;DOOR_DROP;SALES;sales
DDROP;TRADE;CONTACT_CENTRE;0.012075;DOOR_DROP;SALES;sales
DDROP_2;TRADE;CONTACT_CENTRE;0.010168;DOOR_DROP;SALES;sales
DM;DIY;CALL_COLLECT;0.012631;DIRECT_MAIL;SALES;sales
DM;DIY;CONTACT_CENTRE;0.0241;DIRECT_MAIL;SALES;sales
DM;DIY;TRADE_COUNTER;0.00135;DIRECT_MAIL;SALES;sales
DM;TRADE;CALL_COLLECT;0.00107;DIRECT_MAIL;SALES;sales
DM;TRADE;CONTACT_CENTRE;0.009386;DIRECT_MAIL;SALES;sales
DM;TRADE;TRADE_COUNTER;0.00141;DIRECT_MAIL;SALES;sales
DM;TRADE;WEB;0.006459;DIRECT_MAIL;SALES;sales
DM_1;DIY;CONTACT_CENTRE;0.00846;DIRECT_MAIL;SALES;sales
DM_1;DIY;TRADE_COUNTER;0.00186;DIRECT_MAIL;SALES;sales
DM_1;TRADE;CALL_COLLECT;0.00363;DIRECT_MAIL;SALES;sales
DM_1;TRADE;TRADE_COUNTER;0.0021;DIRECT_MAIL;SALES;sales
DM_1;TRADE;WEB;0.008149;DIRECT_MAIL;SALES;sales
DM_2;DIY;CONTACT_CENTRE;0.00916;DIRECT_MAIL;SALES;sales
DM_2;DIY;TRADE_COUNTER;0.00238;DIRECT_MAIL;SALES;sales
DM_2;DIY;WEB;0.00176;DIRECT_MAIL;SALES;sales
DM_2;TRADE;CALL_COLLECT;0.0062;DIRECT_MAIL;SALES;sales
DM_2;TRADE;TRADE_COUNTER;0.00279;DIRECT_MAIL;SALES;sales
DM_2;TRADE;WEB;0.011133;DIRECT_MAIL;SALES;sales
DM_3;DIY;CONTACT_CENTRE;0.02619;DIRECT_MAIL;SALES;sales
DM_3;DIY;TRADE_COUNTER;0.0029;DIRECT_MAIL;SALES;sales
DM_3;TRADE;CALL_COLLECT;0.00876;DIRECT_MAIL;SALES;sales
DM_3;TRADE;TRADE_COUNTER;0.00347;DIRECT_MAIL;SALES;sales
DM_3;TRADE;WEB;0.008723;DIRECT_MAIL;SALES;sales
DTS;DIY;CLICK_COLLECT;0.104365;dts;SALES;sales
DTS;DIY;TRADE_COUNTER;0.100019;dts;SALES;sales
DTS;TRADE;TRADE_COUNTER;0.064131;dts;SALES;sales
EMAIL;DIY;CALL_COLLECT;0.053898;email;SALES;sales
EMAIL;DIY;CLICK_COLLECT;0.0822;email;SALES;sales
EMAIL;DIY;WEB;0.021107;email;SALES;sales
EMAIL;TRADE;CLICK_COLLECT;0.063156;email;SALES;sales
HBASE_1;DIY;CONTACT_CENTRE;-0.01219;HOMEBASE;SALES;sales
HBASE_1;DIY;WEB;-0.009598;HOMEBASE;SALES;sales
LEVEL_SHIFTS;DIY;CALL_COLLECT;1.087003;LEVEL;SALES;sales
LEVEL_SHIFTS;TRADE;CALL_COLLECT;1.087003;LEVEL;SALES;sales
LEVEL_SHIFTS;DIY;CLICK_COLLECT;1.087003;LEVEL;SALES;sales
LEVEL_SHIFTS;TRADE;CLICK_COLLECT;1.087003;LEVEL;SALES;sales
LEVEL_SHIFTS;DIY;CONTACT_CENTRE;1.087003;LEVEL;SALES;sales
LEVEL_SHIFTS;TRADE;CONTACT_CENTRE;1.087003;LEVEL;SALES;sales
LEVEL_SHIFTS;DIY;TRADE_COUNTER;1.087003;LEVEL;SALES;sales
LEVEL_SHIFTS;TRADE;TRADE_COUNTER;1.087003;LEVEL;SALES;sales
LEVEL_SHIFTS;DIY;WEB;1.087003;LEVEL;SALES;sales
LEVEL_SHIFTS;TRADE;WEB;1.087003;LEVEL;SALES;sales
NAT_PRESS;DIY;CALL_COLLECT;0.01437;NATIONAL_PRESS;SALES;sales
NAT_PRESS;DIY;CLICK_COLLECT;0.01278;NATIONAL_PRESS;SALES;sales
NAT_PRESS;DIY;CONTACT_CENTRE;0.023821;NATIONAL_PRESS;SALES;sales
NAT_PRESS;DIY;TRADE_COUNTER;0.00689;NATIONAL_PRESS;SALES;sales
NAT_PRESS;DIY;WEB;0.00187;NATIONAL_PRESS;SALES;sales
NAT_PRESS;TRADE;CALL_COLLECT;0.007449;NATIONAL_PRESS;SALES;sales
NAT_PRESS;TRADE;CLICK_COLLECT;0.00659;NATIONAL_PRESS;SALES;sales
NAT_PRESS;TRADE;TRADE_COUNTER;0.00499;NATIONAL_PRESS;SALES;sales
NAT_PRESS;TRADE;WEB;0.005027;NATIONAL_PRESS;SALES;sales
NAT_PRESS_1;DIY;CALL_COLLECT;0.01217;NATIONAL_PRESS;SALES;sales
NAT_PRESS_1;DIY;CLICK_COLLECT;0.00823;NATIONAL_PRESS;SALES;sales
NAT_PRESS_1;DIY;TRADE_COUNTER;0.00576;NATIONAL_PRESS;SALES;sales
NAT_PRESS_1;DIY;WEB;0.00288;NATIONAL_PRESS;SALES;sales
NAT_PRESS_1;TRADE;CLICK_COLLECT;0.00508;NATIONAL_PRESS;SALES;sales
NAT_PRESS_1;TRADE;TRADE_COUNTER;0.00097;NATIONAL_PRESS;SALES;sales
NAT_PRESS_2;DIY;CALL_COLLECT;0.00998;NATIONAL_PRESS;SALES;sales
NAT_PRESS_2;DIY;CLICK_COLLECT;0.00368;NATIONAL_PRESS;SALES;sales
NAT_PRESS_2;DIY;WEB;0.00388;NATIONAL_PRESS;SALES;sales
NAT_PRESS_3;DIY;CALL_COLLECT;0.00778;NATIONAL_PRESS;SALES;sales
NAT_PRESS_3;TRADE;CALL_COLLECT;0.009936;NATIONAL_PRESS;SALES;sales
NAT_RADIO_3;DIY;CALL_COLLECT;0.006208;NATIONAL_RADIO;SALES;sales
NAT_RADIO_3;DIY;CLICK_COLLECT;0.006208;NATIONAL_RADIO;SALES;sales
NAT_RADIO_3;DIY;CONTACT_CENTRE;0.006208;NATIONAL_RADIO;SALES;sales
NAT_RADIO_3;DIY;TRADE_COUNTER;0.006208;NATIONAL_RADIO;SALES;sales
NAT_RADIO_3;DIY;WEB;0.006208;NATIONAL_RADIO;SALES;sales
NAT_RADIO_3;TRADE;CALL_COLLECT;0.008098;NATIONAL_RADIO;SALES;sales
NAT_RADIO_3;TRADE;CLICK_COLLECT;0.008098;NATIONAL_RADIO;SALES;sales
NAT_RADIO_3;TRADE;CONTACT_CENTRE;0.008098;NATIONAL_RADIO;SALES;sales
NAT_RADIO_3;TRADE;TRADE_COUNTER;0.008098;NATIONAL_RADIO;SALES;sales
NAT_RADIO_3;TRADE;WEB;0.008098;NATIONAL_RADIO;SALES;sales
NEGATIVE_SEASON;DIY;CALL_COLLECT;0.951638;NEGATIVE_SEASON;SALES;sales
NEGATIVE_SEASON;TRADE;CALL_COLLECT;0.951638;NEGATIVE_SEASON;SALES;sales
NEGATIVE_SEASON;DIY;CLICK_COLLECT;0.951638;NEGATIVE_SEASON;SALES;sales
NEGATIVE_SEASON;TRADE;CLICK_COLLECT;0.951638;NEGATIVE_SEASON;SALES;sales
NEGATIVE_SEASON;DIY;CONTACT_CENTRE;0.951638;NEGATIVE_SEASON;SALES;sales
NEGATIVE_SEASON;TRADE;CONTACT_CENTRE;0.951638;NEGATIVE_SEASON;SALES;sales
NEGATIVE_SEASON;DIY;TRADE_COUNTER;0.951638;NEGATIVE_SEASON;SALES;sales
NEGATIVE_SEASON;TRADE;TRADE_COUNTER;0.951638;NEGATIVE_SEASON;SALES;sales
NEGATIVE_SEASON;DIY;WEB;0.951638;NEGATIVE_SEASON;SALES;sales
NEGATIVE_SEASON;TRADE;WEB;0.951638;NEGATIVE_SEASON;SALES;sales
OOH;TRADE;CALL_COLLECT;0.00108;OUTDOOR;SALES;sales
OOH;TRADE;CLICK_COLLECT;0.00108;OUTDOOR;SALES;sales
OOH;TRADE;CONTACT_CENTRE;0.00108;OUTDOOR;SALES;sales
OOH;TRADE;TRADE_COUNTER;0.00108;OUTDOOR;SALES;sales
OOH;TRADE;WEB;0.00108;OUTDOOR;SALES;sales
OOH_1;DIY;CALL_COLLECT;0.00245;OUTDOOR;SALES;sales
OOH_1;DIY;CLICK_COLLECT;0.00245;OUTDOOR;SALES;sales
OOH_1;DIY;CONTACT_CENTRE;0.00245;OUTDOOR;SALES;sales
OOH_1;DIY;TRADE_COUNTER;0.00245;OUTDOOR;SALES;sales
OOH_1;DIY;WEB;0.00245;OUTDOOR;SALES;sales
OOH_1;TRADE;CALL_COLLECT;0.00303;OUTDOOR;SALES;sales
OOH_1;TRADE;CLICK_COLLECT;0.00303;OUTDOOR;SALES;sales
OOH_1;TRADE;CONTACT_CENTRE;0.00303;OUTDOOR;SALES;sales
OOH_1;TRADE;TRADE_COUNTER;0.00303;OUTDOOR;SALES;sales
OOH_1;TRADE;WEB;0.00303;OUTDOOR;SALES;sales
OOH_2;DIY;CALL_COLLECT;0.00114;OUTDOOR;SALES;sales
OOH_2;DIY;CLICK_COLLECT;0.00114;OUTDOOR;SALES;sales
OOH_2;DIY;CONTACT_CENTRE;0.00114;OUTDOOR;SALES;sales
OOH_2;DIY;TRADE_COUNTER;0.00114;OUTDOOR;SALES;sales
OOH_2;DIY;WEB;0.00114;OUTDOOR;SALES;sales
OOH_2;TRADE;CALL_COLLECT;0.00497;OUTDOOR;SALES;sales
OOH_2;TRADE;CLICK_COLLECT;0.00497;OUTDOOR;SALES;sales
OOH_2;TRADE;CONTACT_CENTRE;0.00497;OUTDOOR;SALES;sales
OOH_2;TRADE;TRADE_COUNTER;0.00497;OUTDOOR;SALES;sales
OOH_2;TRADE;WEB;0.00497;OUTDOOR;SALES;sales
OUT10;DIY;TRADE_COUNTER;-0.302901;NEGATIVE_OUTLIERS;SALES;sales
OUT10;TRADE;TRADE_COUNTER;-0.378078;NEGATIVE_OUTLIERS;SALES;sales
OUT13;DIY;CLICK_COLLECT;0.224631;POSITIVE_OUTLIERS;SALES;sales
OUT13;DIY;CONTACT_CENTRE;0.642751;POSITIVE_OUTLIERS;SALES;sales
OUT13;DIY;WEB;0.377347;POSITIVE_OUTLIERS;SALES;sales
OUT13;TRADE;CALL_COLLECT;0.502515;POSITIVE_OUTLIERS;SALES;sales
OUT13;TRADE;CLICK_COLLECT;0.257888;POSITIVE_OUTLIERS;SALES;sales
OUT13;TRADE;CONTACT_CENTRE;0.784619;POSITIVE_OUTLIERS;SALES;sales
OUT13;TRADE;WEB;0.3477;POSITIVE_OUTLIERS;SALES;sales
OUT14;DIY;CALL_COLLECT;-0.24985;NEGATIVE_OUTLIERS;SALES;sales
OUT14;TRADE;CLICK_COLLECT;-0.158837;NEGATIVE_OUTLIERS;SALES;sales
OUT6;DIY;TRADE_COUNTER;-0.340841;NEGATIVE_OUTLIERS;SALES;sales
OUT6;TRADE;CONTACT_CENTRE;-0.292696;NEGATIVE_OUTLIERS;SALES;sales
OUT6;TRADE;TRADE_COUNTER;-0.430364;NEGATIVE_OUTLIERS;SALES;sales
OUT6;TRADE;WEB;-0.220284;NEGATIVE_OUTLIERS;SALES;sales
OUT9;DIY;CLICK_COLLECT;-0.317801;NEGATIVE_OUTLIERS;SALES;sales
OUT9;DIY;TRADE_COUNTER;-0.358612;NEGATIVE_OUTLIERS;SALES;sales
OUT9;DIY;WEB;-0.232068;NEGATIVE_OUTLIERS;SALES;sales
OUT9;TRADE;CLICK_COLLECT;-0.391702;NEGATIVE_OUTLIERS;SALES;sales
OUT9;TRADE;TRADE_COUNTER;-0.328915;NEGATIVE_OUTLIERS;SALES;sales
OUT9;TRADE;WEB;-0.294132;NEGATIVE_OUTLIERS;SALES;sales
POSITIVE_SEASON;DIY;CALL_COLLECT;0.951638;POSITIVE_SEASON;SALES;sales
POSITIVE_SEASON;TRADE;CALL_COLLECT;0.951638;POSITIVE_SEASON;SALES;sales
POSITIVE_SEASON;DIY;CLICK_COLLECT;0.951638;POSITIVE_SEASON;SALES;sales
POSITIVE_SEASON;TRADE;CLICK_COLLECT;0.951638;POSITIVE_SEASON;SALES;sales
POSITIVE_SEASON;DIY;CONTACT_CENTRE;0.951638;POSITIVE_SEASON;SALES;sales
POSITIVE_SEASON;TRADE;CONTACT_CENTRE;0.951638;POSITIVE_SEASON;SALES;sales
POSITIVE_SEASON;DIY;TRADE_COUNTER;0.951638;POSITIVE_SEASON;SALES;sales
POSITIVE_SEASON;TRADE;TRADE_COUNTER;0.951638;POSITIVE_SEASON;SALES;sales
POSITIVE_SEASON;DIY;WEB;0.951638;POSITIVE_SEASON;SALES;sales
POSITIVE_SEASON;TRADE;WEB;0.951638;POSITIVE_SEASON;SALES;sales
PR_CLIP;DIY;TRADE_COUNTER;0.010202;PR;SALES;sales
PR_CLIP;TRADE;CALL_COLLECT;0.025545;PR;SALES;sales
PR_CLIP_1;DIY;WEB;0.01641;PR;SALES;sales
PR_CLIP_1;TRADE;WEB;0.019168;PR;SALES;sales
PS_BG;DIY;CALL_COLLECT;0.131059;paid_search;SALES;sales
PS_BG;DIY;WEB;0.070946;paid_search;SALES;sales
PS_BG;TRADE;CLICK_COLLECT;0.060091;paid_search;SALES;sales
PS_BG;TRADE;CONTACT_CENTRE;0.065558;paid_search;SALES;sales
PS_BG;TRADE;WEB;0.048478;paid_search;SALES;sales
REG_PRESS_1;TRADE;CLICK_COLLECT;0.002743;REGIONAL_PRESS;SALES;sales
REG_PRESS_2;DIY;TRADE_COUNTER;0.005996;REGIONAL_PRESS;SALES;sales
REG_PRESS_2;DIY;WEB;0.005415;REGIONAL_PRESS;SALES;sales
REG_PRESS_2;TRADE;TRADE_COUNTER;0.004691;REGIONAL_PRESS;SALES;sales
REG_PRESS_2;TRADE;WEB;0.005557;REGIONAL_PRESS;SALES;sales
REG_PRICE;DIY;CLICK_COLLECT;-0.165081;REG_PRICE;SALES;sales
REG_PRICE;DIY;CONTACT_CENTRE;-0.659271;REG_PRICE;SALES;sales
REG_PRICE;DIY;TRADE_COUNTER;0;REG_PRICE;SALES;sales
REG_PRICE;DIY;WEB;-0.492523;REG_PRICE;SALES;sales
REG_PRICE;TRADE;CALL_COLLECT;0;REG_PRICE;SALES;sales
REG_PRICE;TRADE;CONTACT_CENTRE;-0.088862;REG_PRICE;SALES;sales
REG_PRICE;TRADE;TRADE_COUNTER;-0.386907;REG_PRICE;SALES;sales
REG_PRICE;TRADE;WEB;-0.452528;REG_PRICE;SALES;sales
REG_RADIO_1;DIY;CONTACT_CENTRE;0.017986;REGIONAL_RADIO;SALES;sales
REG_RADIO_1;DIY;WEB;0.00493;REGIONAL_RADIO;SALES;sales
REG_RADIO_1;TRADE;CONTACT_CENTRE;0.016534;REGIONAL_RADIO;SALES;sales
REG_RADIO_3;TRADE;CALL_COLLECT;0.00748;REGIONAL_RADIO;SALES;sales
SEO_AFF;DIY;CALL_COLLECT;0.12376;seo_aff;SALES;sales
SEO_AFF;DIY;CLICK_COLLECT;0.581165;seo_aff;SALES;sales
SEO_AFF;DIY;TRADE_COUNTER;0.255283;seo_aff;SALES;sales
SEO_AFF;DIY;WEB;0.362628;seo_aff;SALES;sales
SEO_AFF;TRADE;CALL_COLLECT;0.202738;seo_aff;SALES;sales
SEO_AFF;TRADE;CLICK_COLLECT;0.477372;seo_aff;SALES;sales
SEO_AFF;TRADE;CONTACT_CENTRE;0.278399;seo_aff;SALES;sales
SEO_AFF;TRADE;TRADE_COUNTER;0.228589;seo_aff;SALES;sales
SEO_AFF;TRADE;WEB;0.418635;seo_aff;SALES;sales
SFX_TRADE_PRESS;DIY;CALL_COLLECT;0.020493;SFX_TRADE_PRESS;SALES;sales
SFX_TRADE_PRESS_1;DIY;CONTACT_CENTRE;0.011266;SFX_TRADE_PRESS;SALES;sales
SPON_TV_ITV;DIY;CALL_COLLECT;0.00756;SPON_TV_ITV;SALES;sales
SPON_TV_ITV;DIY;CLICK_COLLECT;0.00756;SPON_TV_ITV;SALES;sales
SPON_TV_ITV;DIY;CONTACT_CENTRE;0.00756;SPON_TV_ITV;SALES;sales
SPON_TV_ITV;DIY;TRADE_COUNTER;0.00756;SPON_TV_ITV;SALES;sales
SPON_TV_ITV;DIY;WEB;0.00756;SPON_TV_ITV;SALES;sales
SPON_TV_ITV;TRADE;CALL_COLLECT;0.00337;SPON_TV_ITV;SALES;sales
SPON_TV_ITV;TRADE;CLICK_COLLECT;0.00337;SPON_TV_ITV;SALES;sales
SPON_TV_ITV;TRADE;CONTACT_CENTRE;0.00337;SPON_TV_ITV;SALES;sales
SPON_TV_ITV;TRADE;TRADE_COUNTER;0.00337;SPON_TV_ITV;SALES;sales
SPON_TV_ITV;TRADE;WEB;0.00337;SPON_TV_ITV;SALES;sales
SPON_TV_ITV_1;DIY;CALL_COLLECT;0.00568;SPON_TV_ITV;SALES;sales
SPON_TV_ITV_1;DIY;CLICK_COLLECT;0.00568;SPON_TV_ITV;SALES;sales
SPON_TV_ITV_1;DIY;CONTACT_CENTRE;0.00568;SPON_TV_ITV;SALES;sales
SPON_TV_ITV_1;DIY;TRADE_COUNTER;0.00568;SPON_TV_ITV;SALES;sales
SPON_TV_ITV_1;DIY;WEB;0.00568;SPON_TV_ITV;SALES;sales
SPON_TV_ITV_1;TRADE;CALL_COLLECT;0.00552;SPON_TV_ITV;SALES;sales
SPON_TV_ITV_1;TRADE;CLICK_COLLECT;0.00552;SPON_TV_ITV;SALES;sales
SPON_TV_ITV_1;TRADE;CONTACT_CENTRE;0.00552;SPON_TV_ITV;SALES;sales
SPON_TV_ITV_1;TRADE;TRADE_COUNTER;0.00552;SPON_TV_ITV;SALES;sales
SPON_TV_ITV_1;TRADE;WEB;0.00552;SPON_TV_ITV;SALES;sales
SPON_TV_ITV_2;DIY;CALL_COLLECT;0.0038;SPON_TV_ITV;SALES;sales
SPON_TV_ITV_2;DIY;CLICK_COLLECT;0.0038;SPON_TV_ITV;SALES;sales
SPON_TV_ITV_2;DIY;CONTACT_CENTRE;0.0038;SPON_TV_ITV;SALES;sales
SPON_TV_ITV_2;DIY;TRADE_COUNTER;0.0038;SPON_TV_ITV;SALES;sales
SPON_TV_ITV_2;DIY;WEB;0.0038;SPON_TV_ITV;SALES;sales
SPON_TV_ITV_2;TRADE;CALL_COLLECT;0.00768;SPON_TV_ITV;SALES;sales
SPON_TV_ITV_2;TRADE;CLICK_COLLECT;0.00768;SPON_TV_ITV;SALES;sales
SPON_TV_ITV_2;TRADE;CONTACT_CENTRE;0.00768;SPON_TV_ITV;SALES;sales
SPON_TV_ITV_2;TRADE;TRADE_COUNTER;0.00768;SPON_TV_ITV;SALES;sales
SPON_TV_ITV_2;TRADE;WEB;0.00768;SPON_TV_ITV;SALES;sales
SPON_TV_ITV_3;DIY;CALL_COLLECT;0.00193;SPON_TV_ITV;SALES;sales
SPON_TV_ITV_3;DIY;CLICK_COLLECT;0.00193;SPON_TV_ITV;SALES;sales
SPON_TV_ITV_3;DIY;CONTACT_CENTRE;0.00193;SPON_TV_ITV;SALES;sales
SPON_TV_ITV_3;DIY;TRADE_COUNTER;0.00193;SPON_TV_ITV;SALES;sales
SPON_TV_ITV_3;DIY;WEB;0.00193;SPON_TV_ITV;SALES;sales
SPON_TV_ITV_3;TRADE;CALL_COLLECT;0.00983;SPON_TV_ITV;SALES;sales
SPON_TV_ITV_3;TRADE;CLICK_COLLECT;0.00983;SPON_TV_ITV;SALES;sales
SPON_TV_ITV_3;TRADE;CONTACT_CENTRE;0.00983;SPON_TV_ITV;SALES;sales
SPON_TV_ITV_3;TRADE;TRADE_COUNTER;0.00983;SPON_TV_ITV;SALES;sales
SPON_TV_ITV_3;TRADE;WEB;0.00983;SPON_TV_ITV;SALES;sales
SPON_TV_SKY;DIY;CALL_COLLECT;0.005339;SPON_TV_SKY;SALES;sales
SPON_TV_SKY_1;DIY;CONTACT_CENTRE;0.009297;SPON_TV_SKY;SALES;sales
SPON_TV_SKY_1;DIY;WEB;0.002206;SPON_TV_SKY;SALES;sales
SPON_TV_SKY_3;DIY;CLICK_COLLECT;0.011827;SPON_TV_SKY;SALES;sales
SPON_TV_SKY_3;TRADE;CLICK_COLLECT;0.000144;SPON_TV_SKY;SALES;sales
SPON_TV_SKY_3;TRADE;WEB;0.000402;SPON_TV_SKY;SALES;sales
TOOL_1;DIY;CLICK_COLLECT;-0.009849;TOOLSTATION;SALES;sales
TPR;DIY;CALL_COLLECT;0;TPR;SALES;sales
TPR;DIY;CLICK_COLLECT;0.170121;TPR;SALES;sales
TPR;DIY;CONTACT_CENTRE;0.150589;TPR;SALES;sales
TPR;DIY;TRADE_COUNTER;0;TPR;SALES;sales
TPR;DIY;WEB;0.000686;TPR;SALES;sales
TPR;TRADE;CALL_COLLECT;0.012798;TPR;SALES;sales
TPR;TRADE;CLICK_COLLECT;0.08966;TPR;SALES;sales
TPR;TRADE;CONTACT_CENTRE;0.240171;TPR;SALES;sales
TPR;TRADE;WEB;0.280598;TPR;SALES;sales
TV_ADSMART;DIY;CONTACT_CENTRE;0.030884;TV_ADSMART;SALES;sales
TV_ADSMART;TRADE;WEB;0.014137;TV_ADSMART;SALES;sales
TV_ADSMART_1;DIY;WEB;0.015001;TV_ADSMART;SALES;sales
WICKES;DIY;CONTACT_CENTRE;-0.029732;WICKES;SALES;sales
WICKES;DIY;TRADE_COUNTER;-0.009039;WICKES;SALES;sales
WICKES;TRADE;TRADE_COUNTER;-0.008303;WICKES;SALES;sales
WICKES;TRADE;WEB;-0.014549;WICKES;SALES;sales
YT_SFX_PRODUCT_CAT126;DIY;CLICK_COLLECT;0.011483;YT_SFX_PRODUCT_CAT126;SALES;sales
YT_SFX_PRODUCT_CAT126;TRADE;WEB;0.02076;YT_SFX_PRODUCT_CAT126;SALES;sales
BQ_1;DIY;CALL_COLLECT;-0.00325;BQ;SEO_AFF;seo_aff
BQ_1;TRADE;CALL_COLLECT;-0.00325;BQ;SEO_AFF;seo_aff
BQ_1;DIY;CLICK_COLLECT;-0.00325;BQ;SEO_AFF;seo_aff
BQ_1;TRADE;CLICK_COLLECT;-0.00325;BQ;SEO_AFF;seo_aff
BQ_1;DIY;CONTACT_CENTRE;-0.00325;BQ;SEO_AFF;seo_aff
BQ_1;TRADE;CONTACT_CENTRE;-0.00325;BQ;SEO_AFF;seo_aff
BQ_1;DIY;TRADE_COUNTER;-0.00325;BQ;SEO_AFF;seo_aff
BQ_1;TRADE;TRADE_COUNTER;-0.00325;BQ;SEO_AFF;seo_aff
BQ_1;DIY;WEB;-0.00325;BQ;SEO_AFF;seo_aff
BQ_1;TRADE;WEB;-0.00325;BQ;SEO_AFF;seo_aff
BRAND_TV;DIY;CALL_COLLECT;0.00719;BRAND_TV;SEO_AFF;seo_aff
BRAND_TV;TRADE;CALL_COLLECT;0.00719;BRAND_TV;SEO_AFF;seo_aff
BRAND_TV;DIY;CLICK_COLLECT;0.00719;BRAND_TV;SEO_AFF;seo_aff
BRAND_TV;TRADE;CLICK_COLLECT;0.00719;BRAND_TV;SEO_AFF;seo_aff
BRAND_TV;DIY;CONTACT_CENTRE;0.00719;BRAND_TV;SEO_AFF;seo_aff
BRAND_TV;TRADE;CONTACT_CENTRE;0.00719;BRAND_TV;SEO_AFF;seo_aff
BRAND_TV;DIY;TRADE_COUNTER;0.00719;BRAND_TV;SEO_AFF;seo_aff
BRAND_TV;TRADE;TRADE_COUNTER;0.00719;BRAND_TV;SEO_AFF;seo_aff
BRAND_TV;DIY;WEB;0.00719;BRAND_TV;SEO_AFF;seo_aff
BRAND_TV;TRADE;WEB;0.00719;BRAND_TV;SEO_AFF;seo_aff
BRAND_TV_3;DIY;CALL_COLLECT;0.00732;BRAND_TV;SEO_AFF;seo_aff
BRAND_TV_3;TRADE;CALL_COLLECT;0.00732;BRAND_TV;SEO_AFF;seo_aff
BRAND_TV_3;DIY;CLICK_COLLECT;0.00732;BRAND_TV;SEO_AFF;seo_aff
BRAND_TV_3;TRADE;CLICK_COLLECT;0.00732;BRAND_TV;SEO_AFF;seo_aff
BRAND_TV_3;DIY;CONTACT_CENTRE;0.00732;BRAND_TV;SEO_AFF;seo_aff
BRAND_TV_3;TRADE;CONTACT_CENTRE;0.00732;BRAND_TV;SEO_AFF;seo_aff
BRAND_TV_3;DIY;TRADE_COUNTER;0.00732;BRAND_TV;SEO_AFF;seo_aff
BRAND_TV_3;TRADE;TRADE_COUNTER;0.00732;BRAND_TV;SEO_AFF;seo_aff
BRAND_TV_3;DIY;WEB;0.00732;BRAND_TV;SEO_AFF;seo_aff
BRAND_TV_3;TRADE;WEB;0.00732;BRAND_TV;SEO_AFF;seo_aff
DDROP_1;DIY;CALL_COLLECT;0.00213;DOOR_DROP;SEO_AFF;seo_aff
DDROP_1;TRADE;CALL_COLLECT;0.00213;DOOR_DROP;SEO_AFF;seo_aff
DDROP_1;DIY;CLICK_COLLECT;0.00213;DOOR_DROP;SEO_AFF;seo_aff
DDROP_1;TRADE;CLICK_COLLECT;0.00213;DOOR_DROP;SEO_AFF;seo_aff
DDROP_1;DIY;CONTACT_CENTRE;0.00213;DOOR_DROP;SEO_AFF;seo_aff
DDROP_1;TRADE;CONTACT_CENTRE;0.00213;DOOR_DROP;SEO_AFF;seo_aff
DDROP_1;DIY;TRADE_COUNTER;0.00213;DOOR_DROP;SEO_AFF;seo_aff
DDROP_1;TRADE;TRADE_COUNTER;0.00213;DOOR_DROP;SEO_AFF;seo_aff
DDROP_1;DIY;WEB;0.00213;DOOR_DROP;SEO_AFF;seo_aff
DDROP_1;TRADE;WEB;0.00213;DOOR_DROP;SEO_AFF;seo_aff
DM;DIY;CALL_COLLECT;0.00447;DIRECT_MAIL;SEO_AFF;seo_aff
DM;TRADE;CALL_COLLECT;0.00447;DIRECT_MAIL;SEO_AFF;seo_aff
DM;DIY;CLICK_COLLECT;0.00447;DIRECT_MAIL;SEO_AFF;seo_aff
DM;TRADE;CLICK_COLLECT;0.00447;DIRECT_MAIL;SEO_AFF;seo_aff
DM;DIY;CONTACT_CENTRE;0.00447;DIRECT_MAIL;SEO_AFF;seo_aff
DM;TRADE;CONTACT_CENTRE;0.00447;DIRECT_MAIL;SEO_AFF;seo_aff
DM;DIY;TRADE_COUNTER;0.00447;DIRECT_MAIL;SEO_AFF;seo_aff
DM;TRADE;TRADE_COUNTER;0.00447;DIRECT_MAIL;SEO_AFF;seo_aff
DM;DIY;WEB;0.00447;DIRECT_MAIL;SEO_AFF;seo_aff
DM;TRADE;WEB;0.00447;DIRECT_MAIL;SEO_AFF;seo_aff
DM_2;DIY;CALL_COLLECT;0.0043;DIRECT_MAIL;SEO_AFF;seo_aff
DM_2;TRADE;CALL_COLLECT;0.0043;DIRECT_MAIL;SEO_AFF;seo_aff
DM_2;DIY;CLICK_COLLECT;0.0043;DIRECT_MAIL;SEO_AFF;seo_aff
DM_2;TRADE;CLICK_COLLECT;0.0043;DIRECT_MAIL;SEO_AFF;seo_aff
DM_2;DIY;CONTACT_CENTRE;0.0043;DIRECT_MAIL;SEO_AFF;seo_aff
DM_2;TRADE;CONTACT_CENTRE;0.0043;DIRECT_MAIL;SEO_AFF;seo_aff
DM_2;DIY;TRADE_COUNTER;0.0043;DIRECT_MAIL;SEO_AFF;seo_aff
DM_2;TRADE;TRADE_COUNTER;0.0043;DIRECT_MAIL;SEO_AFF;seo_aff
DM_2;DIY;WEB;0.0043;DIRECT_MAIL;SEO_AFF;seo_aff
DM_2;TRADE;WEB;0.0043;DIRECT_MAIL;SEO_AFF;seo_aff
DM_3;DIY;CALL_COLLECT;0.00571;DIRECT_MAIL;SEO_AFF;seo_aff
DM_3;TRADE;CALL_COLLECT;0.00571;DIRECT_MAIL;SEO_AFF;seo_aff
DM_3;DIY;CLICK_COLLECT;0.00571;DIRECT_MAIL;SEO_AFF;seo_aff
DM_3;TRADE;CLICK_COLLECT;0.00571;DIRECT_MAIL;SEO_AFF;seo_aff
DM_3;DIY;CONTACT_CENTRE;0.00571;DIRECT_MAIL;SEO_AFF;seo_aff
DM_3;TRADE;CONTACT_CENTRE;0.00571;DIRECT_MAIL;SEO_AFF;seo_aff
DM_3;DIY;TRADE_COUNTER;0.00571;DIRECT_MAIL;SEO_AFF;seo_aff
DM_3;TRADE;TRADE_COUNTER;0.00571;DIRECT_MAIL;SEO_AFF;seo_aff
DM_3;DIY;WEB;0.00571;DIRECT_MAIL;SEO_AFF;seo_aff
DM_3;TRADE;WEB;0.00571;DIRECT_MAIL;SEO_AFF;seo_aff
GQV;DIY;CALL_COLLECT;0.36827;gqv;SEO_AFF;seo_aff
GQV;TRADE;CALL_COLLECT;0.36827;gqv;SEO_AFF;seo_aff
GQV;DIY;CLICK_COLLECT;0.36827;gqv;SEO_AFF;seo_aff
GQV;TRADE;CLICK_COLLECT;0.36827;gqv;SEO_AFF;seo_aff
GQV;DIY;CONTACT_CENTRE;0.36827;gqv;SEO_AFF;seo_aff
GQV;TRADE;CONTACT_CENTRE;0.36827;gqv;SEO_AFF;seo_aff
GQV;DIY;TRADE_COUNTER;0.36827;gqv;SEO_AFF;seo_aff
GQV;TRADE;TRADE_COUNTER;0.36827;gqv;SEO_AFF;seo_aff
GQV;DIY;WEB;0.36827;gqv;SEO_AFF;seo_aff
GQV;TRADE;WEB;0.36827;gqv;SEO_AFF;seo_aff
OOH_1;DIY;CALL_COLLECT;0.00354;OUTDOOR;SEO_AFF;seo_aff
OOH_1;TRADE;CALL_COLLECT;0.00354;OUTDOOR;SEO_AFF;seo_aff
OOH_1;DIY;CLICK_COLLECT;0.00354;OUTDOOR;SEO_AFF;seo_aff
OOH_1;TRADE;CLICK_COLLECT;0.00354;OUTDOOR;SEO_AFF;seo_aff
OOH_1;DIY;CONTACT_CENTRE;0.00354;OUTDOOR;SEO_AFF;seo_aff
OOH_1;TRADE;CONTACT_CENTRE;0.00354;OUTDOOR;SEO_AFF;seo_aff
OOH_1;DIY;TRADE_COUNTER;0.00354;OUTDOOR;SEO_AFF;seo_aff
OOH_1;TRADE;TRADE_COUNTER;0.00354;OUTDOOR;SEO_AFF;seo_aff
OOH_1;DIY;WEB;0.00354;OUTDOOR;SEO_AFF;seo_aff
OOH_1;TRADE;WEB;0.00354;OUTDOOR;SEO_AFF;seo_aff
OOH_2;DIY;CALL_COLLECT;0.00389;OUTDOOR;SEO_AFF;seo_aff
OOH_2;TRADE;CALL_COLLECT;0.00389;OUTDOOR;SEO_AFF;seo_aff
OOH_2;DIY;CLICK_COLLECT;0.00389;OUTDOOR;SEO_AFF;seo_aff
OOH_2;TRADE;CLICK_COLLECT;0.00389;OUTDOOR;SEO_AFF;seo_aff
OOH_2;DIY;CONTACT_CENTRE;0.00389;OUTDOOR;SEO_AFF;seo_aff
OOH_2;TRADE;CONTACT_CENTRE;0.00389;OUTDOOR;SEO_AFF;seo_aff
OOH_2;DIY;TRADE_COUNTER;0.00389;OUTDOOR;SEO_AFF;seo_aff
OOH_2;TRADE;TRADE_COUNTER;0.00389;OUTDOOR;SEO_AFF;seo_aff
OOH_2;DIY;WEB;0.00389;OUTDOOR;SEO_AFF;seo_aff
OOH_2;TRADE;WEB;0.00389;OUTDOOR;SEO_AFF;seo_aff
PR_CLIP;DIY;CALL_COLLECT;0.01066;PR;SEO_AFF;seo_aff
PR_CLIP;TRADE;CALL_COLLECT;0.01066;PR;SEO_AFF;seo_aff
PR_CLIP;DIY;CLICK_COLLECT;0.01066;PR;SEO_AFF;seo_aff
PR_CLIP;TRADE;CLICK_COLLECT;0.01066;PR;SEO_AFF;seo_aff
PR_CLIP;DIY;CONTACT_CENTRE;0.01066;PR;SEO_AFF;seo_aff
PR_CLIP;TRADE;CONTACT_CENTRE;0.01066;PR;SEO_AFF;seo_aff
PR_CLIP;DIY;TRADE_COUNTER;0.01066;PR;SEO_AFF;seo_aff
PR_CLIP;TRADE;TRADE_COUNTER;0.01066;PR;SEO_AFF;seo_aff
PR_CLIP;DIY;WEB;0.01066;PR;SEO_AFF;seo_aff
PR_CLIP;TRADE;WEB;0.01066;PR;SEO_AFF;seo_aff
REG_PRESS_3;DIY;CALL_COLLECT;0.00578;REGIONAL_PRESS;SEO_AFF;seo_aff
REG_PRESS_3;TRADE;CALL_COLLECT;0.00578;REGIONAL_PRESS;SEO_AFF;seo_aff
REG_PRESS_3;DIY;CLICK_COLLECT;0.00578;REGIONAL_PRESS;SEO_AFF;seo_aff
REG_PRESS_3;TRADE;CLICK_COLLECT;0.00578;REGIONAL_PRESS;SEO_AFF;seo_aff
REG_PRESS_3;DIY;CONTACT_CENTRE;0.00578;REGIONAL_PRESS;SEO_AFF;seo_aff
REG_PRESS_3;TRADE;CONTACT_CENTRE;0.00578;REGIONAL_PRESS;SEO_AFF;seo_aff
REG_PRESS_3;DIY;TRADE_COUNTER;0.00578;REGIONAL_PRESS;SEO_AFF;seo_aff
REG_PRESS_3;TRADE;TRADE_COUNTER;0.00578;REGIONAL_PRESS;SEO_AFF;seo_aff
REG_PRESS_3;DIY;WEB;0.00578;REGIONAL_PRESS;SEO_AFF;seo_aff
REG_PRESS_3;TRADE;WEB;0.00578;REGIONAL_PRESS;SEO_AFF;seo_aff
SELCO;DIY;CALL_COLLECT;-0.00922;SELCO;SEO_AFF;seo_aff
SELCO;TRADE;CALL_COLLECT;-0.00922;SELCO;SEO_AFF;seo_aff
SELCO;DIY;CLICK_COLLECT;-0.00922;SELCO;SEO_AFF;seo_aff
SELCO;TRADE;CLICK_COLLECT;-0.00922;SELCO;SEO_AFF;seo_aff
SELCO;DIY;CONTACT_CENTRE;-0.00922;SELCO;SEO_AFF;seo_aff
SELCO;TRADE;CONTACT_CENTRE;-0.00922;SELCO;SEO_AFF;seo_aff
SELCO;DIY;TRADE_COUNTER;-0.00922;SELCO;SEO_AFF;seo_aff
SELCO;TRADE;TRADE_COUNTER;-0.00922;SELCO;SEO_AFF;seo_aff
SELCO;DIY;WEB;-0.00922;SELCO;SEO_AFF;seo_aff
SELCO;TRADE;WEB;-0.00922;SELCO;SEO_AFF;seo_aff
SPON_TV_ITV;DIY;CALL_COLLECT;0;SPON_TV_ITV;SEO_AFF;seo_aff
SPON_TV_ITV;TRADE;CALL_COLLECT;0;SPON_TV_ITV;SEO_AFF;seo_aff
SPON_TV_ITV;DIY;CLICK_COLLECT;0;SPON_TV_ITV;SEO_AFF;seo_aff
SPON_TV_ITV;TRADE;CLICK_COLLECT;0;SPON_TV_ITV;SEO_AFF;seo_aff
SPON_TV_ITV;DIY;CONTACT_CENTRE;0;SPON_TV_ITV;SEO_AFF;seo_aff
SPON_TV_ITV;TRADE;CONTACT_CENTRE;0;SPON_TV_ITV;SEO_AFF;seo_aff
SPON_TV_ITV;DIY;TRADE_COUNTER;0;SPON_TV_ITV;SEO_AFF;seo_aff
SPON_TV_ITV;TRADE;TRADE_COUNTER;0;SPON_TV_ITV;SEO_AFF;seo_aff
SPON_TV_ITV;DIY;WEB;0;SPON_TV_ITV;SEO_AFF;seo_aff
SPON_TV_ITV;TRADE;WEB;0;SPON_TV_ITV;SEO_AFF;seo_aff
SPON_TV_ITV_1;DIY;CALL_COLLECT;0.00486;SPON_TV_ITV;SEO_AFF;seo_aff
SPON_TV_ITV_1;TRADE;CALL_COLLECT;0.00486;SPON_TV_ITV;SEO_AFF;seo_aff
SPON_TV_ITV_1;DIY;CLICK_COLLECT;0.00486;SPON_TV_ITV;SEO_AFF;seo_aff
SPON_TV_ITV_1;TRADE;CLICK_COLLECT;0.00486;SPON_TV_ITV;SEO_AFF;seo_aff
SPON_TV_ITV_1;DIY;CONTACT_CENTRE;0.00486;SPON_TV_ITV;SEO_AFF;seo_aff
SPON_TV_ITV_1;TRADE;CONTACT_CENTRE;0.00486;SPON_TV_ITV;SEO_AFF;seo_aff
SPON_TV_ITV_1;DIY;TRADE_COUNTER;0.00486;SPON_TV_ITV;SEO_AFF;seo_aff
SPON_TV_ITV_1;TRADE;TRADE_COUNTER;0.00486;SPON_TV_ITV;SEO_AFF;seo_aff
SPON_TV_ITV_1;DIY;WEB;0.00486;SPON_TV_ITV;SEO_AFF;seo_aff
SPON_TV_ITV_1;TRADE;WEB;0.00486;SPON_TV_ITV;SEO_AFF;seo_aff
SPON_TV_ITV_2;DIY;CALL_COLLECT;0.00804;SPON_TV_ITV;SEO_AFF;seo_aff
SPON_TV_ITV_2;TRADE;CALL_COLLECT;0.00804;SPON_TV_ITV;SEO_AFF;seo_aff
SPON_TV_ITV_2;DIY;CLICK_COLLECT;0.00804;SPON_TV_ITV;SEO_AFF;seo_aff
SPON_TV_ITV_2;TRADE;CLICK_COLLECT;0.00804;SPON_TV_ITV;SEO_AFF;seo_aff
SPON_TV_ITV_2;DIY;CONTACT_CENTRE;0.00804;SPON_TV_ITV;SEO_AFF;seo_aff
SPON_TV_ITV_2;TRADE;CONTACT_CENTRE;0.00804;SPON_TV_ITV;SEO_AFF;seo_aff
SPON_TV_ITV_2;DIY;TRADE_COUNTER;0.00804;SPON_TV_ITV;SEO_AFF;seo_aff
SPON_TV_ITV_2;TRADE;TRADE_COUNTER;0.00804;SPON_TV_ITV;SEO_AFF;seo_aff
SPON_TV_ITV_2;DIY;WEB;0.00804;SPON_TV_ITV;SEO_AFF;seo_aff
SPON_TV_ITV_2;TRADE;WEB;0.00804;SPON_TV_ITV;SEO_AFF;seo_aff
SPON_TV_SKY_1;DIY;CALL_COLLECT;0.00735;SPON_TV_SKY;SEO_AFF;seo_aff
SPON_TV_SKY_1;TRADE;CALL_COLLECT;0.00735;SPON_TV_SKY;SEO_AFF;seo_aff
SPON_TV_SKY_1;DIY;CLICK_COLLECT;0.00735;SPON_TV_SKY;SEO_AFF;seo_aff
SPON_TV_SKY_1;TRADE;CLICK_COLLECT;0.00735;SPON_TV_SKY;SEO_AFF;seo_aff
SPON_TV_SKY_1;DIY;CONTACT_CENTRE;0.00735;SPON_TV_SKY;SEO_AFF;seo_aff
SPON_TV_SKY_1;TRADE;CONTACT_CENTRE;0.00735;SPON_TV_SKY;SEO_AFF;seo_aff
SPON_TV_SKY_1;DIY;TRADE_COUNTER;0.00735;SPON_TV_SKY;SEO_AFF;seo_aff
SPON_TV_SKY_1;TRADE;TRADE_COUNTER;0.00735;SPON_TV_SKY;SEO_AFF;seo_aff
SPON_TV_SKY_1;DIY;WEB;0.00735;SPON_TV_SKY;SEO_AFF;seo_aff
SPON_TV_SKY_1;TRADE;WEB;0.00735;SPON_TV_SKY;SEO_AFF;seo_aff
SPON_TV_SKY_2;DIY;CALL_COLLECT;0.00354;SPON_TV_SKY;SEO_AFF;seo_aff
SPON_TV_SKY_2;TRADE;CALL_COLLECT;0.00354;SPON_TV_SKY;SEO_AFF;seo_aff
SPON_TV_SKY_2;DIY;CLICK_COLLECT;0.00354;SPON_TV_SKY;SEO_AFF;seo_aff
SPON_TV_SKY_2;TRADE;CLICK_COLLECT;0.00354;SPON_TV_SKY;SEO_AFF;seo_aff
SPON_TV_SKY_2;DIY;CONTACT_CENTRE;0.00354;SPON_TV_SKY;SEO_AFF;seo_aff
SPON_TV_SKY_2;TRADE;CONTACT_CENTRE;0.00354;SPON_TV_SKY;SEO_AFF;seo_aff
SPON_TV_SKY_2;DIY;TRADE_COUNTER;0.00354;SPON_TV_SKY;SEO_AFF;seo_aff
SPON_TV_SKY_2;TRADE;TRADE_COUNTER;0.00354;SPON_TV_SKY;SEO_AFF;seo_aff
SPON_TV_SKY_2;DIY;WEB;0.00354;SPON_TV_SKY;SEO_AFF;seo_aff
SPON_TV_SKY_2;TRADE;WEB;0.00354;SPON_TV_SKY;SEO_AFF;seo_aff
TOOL_1;DIY;CALL_COLLECT;-0.00324;TOOLSTATION;SEO_AFF;seo_aff
TOOL_1;TRADE;CALL_COLLECT;-0.00324;TOOLSTATION;SEO_AFF;seo_aff
TOOL_1;DIY;CLICK_COLLECT;-0.00324;TOOLSTATION;SEO_AFF;seo_aff
TOOL_1;TRADE;CLICK_COLLECT;-0.00324;TOOLSTATION;SEO_AFF;seo_aff
TOOL_1;DIY;CONTACT_CENTRE;-0.00324;TOOLSTATION;SEO_AFF;seo_aff
TOOL_1;TRADE;CONTACT_CENTRE;-0.00324;TOOLSTATION;SEO_AFF;seo_aff
TOOL_1;DIY;TRADE_COUNTER;-0.00324;TOOLSTATION;SEO_AFF;seo_aff
TOOL_1;TRADE;TRADE_COUNTER;-0.00324;TOOLSTATION;SEO_AFF;seo_aff
TOOL_1;DIY;WEB;-0.00324;TOOLSTATION;SEO_AFF;seo_aff
TOOL_1;TRADE;WEB;-0.00324;TOOLSTATION;SEO_AFF;seo_aff